uri,track_name,artist_names,total_streams,peak_rank,first_week,selection,status,n_parts,shironet_urls,shironet_titles,shironet_artists,title_score,artist_score,lyrics_file,lyrics_chars
spotify:track:4zXfQYhcSboWEOAwIQST9N,רק שלך,Omer Adam,19597164,1,2024-03-28,hebrew_title,accepted,1,https://shironet.mako.co.il/artist?type=lyrics&lang=1&prfid=10755&wrkid=60054,רק שלך,עומר אדם,100.0,100.0,4zXfQYhcSboWEOAwIQST9N.txt,1518.0
spotify:track:6qB33ch9RK0aoMfxfnlXa1,פלסטרים,Osher Cohen,17803141,1,2024-04-25,hebrew_title,accepted,1,https://shironet.mako.co.il/artist?type=lyrics&lang=1&prfid=16196&wrkid=60359,פלסטרים,אושר כהן,100.0,100.0,6qB33ch9RK0aoMfxfnlXa1.txt,1463.0
spotify:track:4dELL8S6XVMibwBkjJACF1,לילות וקללות,Omer Adam,17662938,2,2024-03-28,hebrew_title,accepted,1,https://shironet.mako.co.il/artist?type=lyrics&lang=1&prfid=10755&wrkid=60052,לילות וקללות,עומר אדם,100.0,100.0,4dELL8S6XVMibwBkjJACF1.txt,1011.0
spotify:track:3U1voPJN8NBSR96Ry0WJiF,מלכת הדור,Omer Adam,17168601,1,2025-06-12,hebrew_title,accepted,1,https://shironet.mako.co.il/artist?type=lyrics&lang=1&prfid=10755&wrkid=63751,מלכת הדור,עומר אדם,100.0,100.0,3U1voPJN8NBSR96Ry0WJiF.txt,1518.0
spotify:track:2yPnlfwQ1AmhHauqQWDlWZ,מנגן ושר,Osher Cohen,16640444,1,2024-02-15,hebrew_title,accepted,1,https://shironet.mako.co.il/artist?type=lyrics&lang=1&prfid=16196&wrkid=59720,מנגן ושר,אושר כהן,100.0,100.0,2yPnlfwQ1AmhHauqQWDlWZ.txt,1146.0
spotify:track:3CZdlwKHGTvfveatbfKD3q,תמיד אוהב אותי,ששון איפרם שאולוב,15442355,1,2024-09-26,hebrew_title,accepted,1,https://shironet.mako.co.il/artist?type=lyrics&lang=1&prfid=25152&wrkid=61611,תמיד אוהב אותי,ששון שאולוב,100.0,100.0,3CZdlwKHGTvfveatbfKD3q.txt,1385.0
spotify:track:4DKH1iLhp007TVLURYtmeC,מה יהיה מחר,Peer Tasi,14840146,7,2024-05-30,hebrew_title,accepted,1,https://shironet.mako.co.il/artist?type=lyrics&lang=1&prfid=7747&wrkid=60586,מה יהיה מחר,פאר טסי,100.0,100.0,4DKH1iLhp007TVLURYtmeC.txt,807.0
spotify:track:2QkVXq7dLpefWAiETsvIOs,אהובתי כבר לא רואה אותי,Omer Adam,14524005,1,2024-11-14,hebrew_title,accepted,1,https://shironet.mako.co.il/artist?type=lyrics&lang=1&prfid=10755&wrkid=61958,אהובתי כבר לא רואה אותי,עומר אדם,100.0,100.0,2QkVXq7dLpefWAiETsvIOs.txt,844.0
spotify:track:3FihyZ7YA7vrNiSUfWww10,באמפרים,"STILLA, Ness",14432038,1,2024-05-30,hebrew_title,accepted,1,https://shironet.mako.co.il/artist?type=lyrics&lang=1&prfid=24760&wrkid=60545,באמפרים,נס וסטילה,100.0,100.0,3FihyZ7YA7vrNiSUfWww10.txt,2023.0
spotify:track:5nYFRLTLrqiETyy6LUPfhQ,מגדלים,"STILLA, Ness",14391572,1,2024-07-18,hebrew_title,accepted,1,https://shironet.mako.co.il/artist?type=lyrics&lang=1&prfid=24760&wrkid=61022,מגדלים,נס וסטילה,100.0,100.0,5nYFRLTLrqiETyy6LUPfhQ.txt,1653.0
spotify:track:0h8eZd7eqwZISaz9bkj1zV,מערב ראשון,Itay Levi,14288023,3,2024-06-06,hebrew_title,accepted,1,https://shironet.mako.co.il/artist?type=lyrics&lang=1&prfid=15629&wrkid=60540,מערב ראשון,איתי לוי,100.0,100.0,0h8eZd7eqwZISaz9bkj1zV.txt,1087.0
spotify:track:0Wr6wZgEP1npYg0vrsWPIZ,רוז,Peer Tasi,14149688,1,2024-05-30,hebrew_title,accepted,1,https://shironet.mako.co.il/artist?type=lyrics&lang=1&prfid=7747&wrkid=60580,רוז,פאר טסי,100.0,100.0,0Wr6wZgEP1npYg0vrsWPIZ.txt,753.0
spotify:track:34KzX8fwFPLchmOvYBDap0,אין אותי,"Osher Cohen, Noa Kirel",14140596,1,2024-07-25,hebrew_title,accepted,1,https://shironet.mako.co.il/artist?type=lyrics&lang=1&prfid=16196&wrkid=61087,אין אותי,אושר כהן,100.0,100.0,34KzX8fwFPLchmOvYBDap0.txt,1261.0
spotify:track:74kYHwU43s49Y5AukKArWQ,משהו אמיתי בעיניים,ששון איפרם שאולוב,13795469,2,2023-10-12,hebrew_title,accepted,1,https://shironet.mako.co.il/artist?type=lyrics&lang=1&prfid=24321&wrkid=57245,משהו אמיתי בעיניים,ששון איפרם שאולוב,100.0,100.0,74kYHwU43s49Y5AukKArWQ.txt,1008.0
spotify:track:5Sn3aXG5AWFmd1ij2PTisj,השיר שאת אהבת,Omer Adam,13702976,2,2025-06-12,hebrew_title,accepted,1,https://shironet.mako.co.il/artist?type=lyrics&lang=1&prfid=10755&wrkid=63744,השיר שאת אהבת,עומר אדם,100.0,100.0,5Sn3aXG5AWFmd1ij2PTisj.txt,1145.0
spotify:track:34aKXUhVdHGTzWOt85RjGq,אהבה,Osher Cohen,13700705,1,2023-10-12,hebrew_title,accepted,1,https://shironet.mako.co.il/artist?type=lyrics&lang=1&prfid=16196&wrkid=58006,אהבה,אושר כהן,100.0,100.0,34aKXUhVdHGTzWOt85RjGq.txt,1172.0
spotify:track:6FVNMp4r4cQOcckK5NFB6j,אם את כבר הולכת,נדב חנציס,13173070,1,2025-05-22,hebrew_title,accepted,1,https://shironet.mako.co.il/artist?type=lyrics&lang=1&prfid=26233&wrkid=63806,אם את כבר הולכת,נדב חנציס,100.0,100.0,6FVNMp4r4cQOcckK5NFB6j.txt,1105.0
spotify:track:1Jx6aZyJR985kw8CWUZ15O,צמוד צמוד,"Omer Adam, Odeya, ShrekDiMC",13011173,1,2024-04-18,hebrew_title,accepted,1,https://shironet.mako.co.il/artist?type=lyrics&lang=1&prfid=10755&wrkid=60345,צמוד צמוד,עומר אדם,100.0,100.0,1Jx6aZyJR985kw8CWUZ15O.txt,1650.0
spotify:track:1D8HR389yohrWVZ1yHI2bc,היי בייב,Tuna,12433086,13,2023-10-12,hebrew_title,accepted,1,https://shironet.mako.co.il/artist?type=lyrics&lang=1&prfid=16260&wrkid=52351,היי בייב,טונה,100.0,100.0,1D8HR389yohrWVZ1yHI2bc.txt,1175.0
spotify:track:2fewVF6oOGKux69rHGbPMq,צוחקת ובוכה,Eden Hason,11938964,4,2024-02-08,hebrew_title,review,1,https://shironet.mako.co.il/artist?type=lyrics&lang=1&prfid=4245&wrkid=13339,צוחקת ובוכה,אילנית ורון שובל,100.0,42.9,,
spotify:track:3pTsE064ZTJ1n8bP3VAm2c,תהום,Omer Adam,11719365,2,2024-11-14,hebrew_title,accepted,1,https://shironet.mako.co.il/artist?type=lyrics&lang=1&prfid=10755&wrkid=61962,תהום,עומר אדם,100.0,100.0,3pTsE064ZTJ1n8bP3VAm2c.txt,873.0
spotify:track:2CUwpTA4gOSouCTyRN1vnE,אין לי מקום אחר,Itay Levi,11682345,5,2023-12-21,hebrew_title,accepted,1,https://shironet.mako.co.il/artist?type=lyrics&lang=1&prfid=15629&wrkid=59345,אין לי מקום אחר,איתי לוי,100.0,100.0,2CUwpTA4gOSouCTyRN1vnE.txt,1024.0
spotify:track:1jCAwxwhHIrtWzGeF6WfJ7,פחד אלוהים,Kfir Tsafrir,11491858,1,2023-11-23,hebrew_title,accepted,1,https://shironet.mako.co.il/artist?type=lyrics&lang=1&prfid=18927&wrkid=57301,פחד אלוהים,כפיר צפריר,100.0,100.0,1jCAwxwhHIrtWzGeF6WfJ7.txt,1259.0
spotify:track:1ChZJDdEU5tR4ZrLeuDh5u,לופ,Osher Cohen,11269627,1,2024-09-19,hebrew_title,accepted,1,https://shironet.mako.co.il/artist?type=lyrics&lang=1&prfid=16196&wrkid=61612,לופ,אושר כהן,100.0,100.0,1ChZJDdEU5tR4ZrLeuDh5u.txt,1548.0
spotify:track:5ppuL7dOIhd7td0YCJJuwf,טקילה,Omer Adam,11249109,2,2024-11-14,hebrew_title,accepted,1,https://shironet.mako.co.il/artist?type=lyrics&lang=1&prfid=10755&wrkid=61959,טקילה,עומר אדם,100.0,100.0,5ppuL7dOIhd7td0YCJJuwf.txt,892.0
spotify:track:4L5Uj4Dt6rjFL0H7hl2qHF,עברנו הכל,Omer Adam,10997307,4,2024-09-19,hebrew_title,accepted,1,https://shironet.mako.co.il/artist?type=lyrics&lang=1&prfid=10755&wrkid=61607,עברנו הכל,עומר אדם,100.0,100.0,4L5Uj4Dt6rjFL0H7hl2qHF.txt,1387.0
spotify:track:1lHlKCdVZ4CGbbkTuG6LfT,יחפים,Jasmin Moallem,10934210,4,2023-10-12,hebrew_title,accepted,1,https://shironet.mako.co.il/artist?type=lyrics&lang=1&prfid=22199&wrkid=52529,יחפים,יסמין מועלם,100.0,100.0,1lHlKCdVZ4CGbbkTuG6LfT.txt,651.0
spotify:track:1saT4tObMScARIwT4wTv0W,נתראה בגלגול הבא,Ravid Plotnik,10695169,23,2023-10-12,hebrew_title,accepted,1,https://shironet.mako.co.il/artist?type=lyrics&lang=1&prfid=17619&wrkid=57991,נתראה בגלגול הבא,רביד פלוטניק,100.0,100.0,1saT4tObMScARIwT4wTv0W.txt,500.0
spotify:track:68kVzJf0STAv91tuLutuDr,שקיעות אדומות,Eden Hason,10600771,17,2023-10-12,hebrew_title,accepted,1,https://shironet.mako.co.il/artist?type=lyrics&lang=1&prfid=13834&wrkid=57943,שקיעות אדומות,עדן חסון,100.0,100.0,68kVzJf0STAv91tuLutuDr.txt,847.0
spotify:track:0D9A15ZzO3VzLIYqOfm6QB,אני חוזר,מ',10369556,9,2024-06-13,hebrew_title,accepted,1,https://shironet.mako.co.il/artist?type=lyrics&lang=1&prfid=25568&wrkid=60535,אני חוזר,מ' המסתערב,100.0,100.0,0D9A15ZzO3VzLIYqOfm6QB.txt,429.0
spotify:track:0PfvEnfj3hHl7zlc0WcfGY,‏שלווה בארמונותייך,Ravid Plotnik,10261841,23,2023-10-12,hebrew_title,accepted,1,https://shironet.mako.co.il/artist?type=lyrics&lang=1&prfid=17619&wrkid=53352,שלווה בארמונותיך,רביד פלוטניק,97.0,100.0,0PfvEnfj3hHl7zlc0WcfGY.txt,641.0
spotify:track:0SMDtYt5HghaTMFc61nCnP,ואיך שלא,Omer Adam,10242776,2,2023-12-14,hebrew_title,accepted,1,https://shironet.mako.co.il/artist?type=lyrics&lang=1&prfid=10755&wrkid=59494,ואיך שלא,עומר אדם,100.0,100.0,0SMDtYt5HghaTMFc61nCnP.txt,543.0
spotify:track:0sMyBmtyp4riKYNpDVNSH4,את לא יודעת כמה שאני אוהב אותך,Odeya,10139914,2,2024-11-21,hebrew_title,accepted,1,https://shironet.mako.co.il/artist?type=lyrics&lang=1&prfid=22151&wrkid=61957,את לא יודעת כמה שאני אוהב אותך,אודיה אזולאי,100.0,100.0,0sMyBmtyp4riKYNpDVNSH4.txt,1002.0
spotify:track:2foTZaysNY65xcTXlQKxg4,אם אתה שלי,Odeya,9498289,9,2024-02-08,hebrew_title,accepted,1,https://shironet.mako.co.il/artist?type=lyrics&lang=1&prfid=22151&wrkid=59682,אם אתה שלי,אודיה אזולאי,100.0,100.0,2foTZaysNY65xcTXlQKxg4.txt,1491.0
spotify:track:7BcRDWY4VTCvRRHoobFWWo,סהרה - Live,"Tuna, Jasmin Moallem",9464436,13,2023-10-12,hebrew_title,accepted,1,https://shironet.mako.co.il/artist?type=lyrics&lang=1&prfid=16260&wrkid=52354,סהרה,טונה,100.0,100.0,7BcRDWY4VTCvRRHoobFWWo.txt,1256.0
spotify:track:0hdDyhwaJpNW5nsJC3qYPe,מלודי,Peer Tasi,9347487,5,2024-05-30,hebrew_title,accepted,1,https://shironet.mako.co.il/artist?type=lyrics&lang=1&prfid=7747&wrkid=60583,מלודי,פאר טסי,100.0,100.0,0hdDyhwaJpNW5nsJC3qYPe.txt,769.0
spotify:track:4I9NVCnjIRVriXfNE7VhE0,עושה לי צרות,Eden Hason,9346347,14,2023-10-12,hebrew_title,accepted,1,https://shironet.mako.co.il/artist?type=lyrics&lang=1&prfid=13834&wrkid=57672,עושה לי צרות,עדן חסון,100.0,100.0,4I9NVCnjIRVriXfNE7VhE0.txt,1048.0
spotify:track:6nSQvSGrFykSmDIOetK94r,יהיה טוב,Jasmin Moallem,9334926,1,2023-10-12,hebrew_title,accepted,1,https://shironet.mako.co.il/artist?type=lyrics&lang=1&prfid=22199&wrkid=57867,יהיה טוב,יסמין מועלם,100.0,100.0,6nSQvSGrFykSmDIOetK94r.txt,1312.0
spotify:track:2H84mdRphvQn5QniG3v07a,נחלת בנימין,Itay Levi,9296765,3,2025-03-20,hebrew_title,accepted,1,https://shironet.mako.co.il/artist?type=lyrics&lang=1&prfid=15629&wrkid=63036,נחלת בנימין,איתי לוי,100.0,100.0,2H84mdRphvQn5QniG3v07a.txt,879.0
spotify:track:6Ma5wr8hndGkkjsk9rgVKS,היא לא יודעת למה,Peer Tasi,9296253,4,2025-07-03,hebrew_title,accepted,1,https://shironet.mako.co.il/artist?type=lyrics&lang=1&prfid=7747&wrkid=63774,היא לא יודעת למה,פאר טסי,100.0,100.0,6Ma5wr8hndGkkjsk9rgVKS.txt,945.0
spotify:track:7kFo0ivGlvuzIWmODfmrjF,אחת ממיליון,רון חיון,9195384,1,2025-03-20,hebrew_title,page_without_lyrics,1,https://shironet.mako.co.il/artist?type=lyrics&lang=1&prfid=24702&wrkid=63837,אחת ממיליון,רון חיון,100.0,100.0,,
spotify:track:3DTHsQnfuQVESYAYv0fybQ,אבא,Ben Zur,9030752,25,2024-05-23,hebrew_title,accepted,1,https://shironet.mako.co.il/artist?type=lyrics&lang=1&prfid=22973&wrkid=59695,אבא,בן צור,100.0,100.0,3DTHsQnfuQVESYAYv0fybQ.txt,772.0
spotify:track:3QCWA9RzAPb4Xw4BagADFq,ככה וככה,Osher Cohen,8755036,2,2023-10-12,hebrew_title,accepted,1,https://shironet.mako.co.il/artist?type=lyrics&lang=1&prfid=16196&wrkid=58005,ככה וככה,אושר כהן,100.0,100.0,3QCWA9RzAPb4Xw4BagADFq.txt,1288.0
spotify:track:6JnLTSjPA96Dgg9VCDRf1r,למה את?,ילד.,8692719,8,2024-06-20,hebrew_title,accepted,1,https://shironet.mako.co.il/artist?type=lyrics&lang=1&prfid=24640&wrkid=60780,למה את?,ילד,100.0,100.0,6JnLTSjPA96Dgg9VCDRf1r.txt,1590.0
spotify:track:17Gbwxyhsj0dznw9DSruNC,ראיתי עולם,"Omer Adam, ShrekDiMC",8658080,1,2024-05-30,hebrew_title,accepted,1,https://shironet.mako.co.il/artist?type=lyrics&lang=1&prfid=10755&wrkid=60547,ראיתי עולם,עומר אדם,100.0,100.0,17Gbwxyhsj0dznw9DSruNC.txt,1819.0
spotify:track:4wEFTT1fmFfsLY1K7Y40Cy,עזבת ת'בית,"Peled, Nastia Rod",8531744,8,2023-10-12,hebrew_title,accepted,1,https://shironet.mako.co.il/artist?type=lyrics&lang=1&prfid=6598&wrkid=57374,עזבת ת'בית,איתי פלד,100.0,100.0,4wEFTT1fmFfsLY1K7Y40Cy.txt,1464.0
spotify:track:44GSjYhBxuuKx0ikN5Dmag,יהיה טוב & מים שקופים,"Omer Adam, Jasmin Moallem",8469426,2,2023-10-12,hebrew_title,accepted,2,https://shironet.mako.co.il/artist?type=lyrics&lang=1&prfid=22199&wrkid=57867 | https://shironet.mako.co.il/artist?type=lyrics&lang=1&prfid=10755&wrkid=50007,יהיה טוב | מים שקופים,יסמין מועלם | עומר אדם,100.0,100.0,44GSjYhBxuuKx0ikN5Dmag.txt,2183.0
spotify:track:3RBpmZJ0YG9abVBXI2U1UO,את חסרה לי,Eden Hason,8273046,24,2023-10-12,hebrew_title,review,1,https://shironet.mako.co.il/artist?type=lyrics&lang=1&prfid=12322&wrkid=44222,את חסרה לי,רחמים ג'נאח,100.0,28.6,,
spotify:track:37ZPaitKESRLXRkjrvJVTb,נרקומן של בדידות,Omer Adam,8179338,5,2024-11-14,hebrew_title,accepted,1,https://shironet.mako.co.il/artist?type=lyrics&lang=1&prfid=10755&wrkid=61961,נרקומן של בדידות,עומר אדם,100.0,100.0,37ZPaitKESRLXRkjrvJVTb.txt,933.0
spotify:track:3N48942rc1DKId7vmDDcy0,חולמת,Odeya,8126927,1,2025-03-06,hebrew_title,accepted,1,https://shironet.mako.co.il/artist?type=lyrics&lang=1&prfid=22151&wrkid=62964,חולמת,אודיה אזולאי,100.0,100.0,3N48942rc1DKId7vmDDcy0.txt,872.0
spotify:track:7nCe56CzvRKGqTIs5k1dYm,עוף מוזר,Peer Tasi,8103026,1,2025-07-03,hebrew_title,accepted,1,https://shironet.mako.co.il/artist?type=lyrics&lang=1&prfid=7747&wrkid=63799,עוף מוזר,פאר טסי,100.0,100.0,7nCe56CzvRKGqTIs5k1dYm.txt,755.0
spotify:track:5aDaDlIrhFeXUPcBqxGisR,אחרי כל השנים,Omer Adam,8057178,53,2023-10-12,hebrew_title,accepted,1,https://shironet.mako.co.il/artist?type=lyrics&lang=1&prfid=10755&wrkid=45094,אחרי כל השנים,עומר אדם,100.0,100.0,5aDaDlIrhFeXUPcBqxGisR.txt,607.0
spotify:track:1hTth4TFnHWYWiXglQ6bN2,רחוק מכולם,Omer Adam,7881294,39,2023-10-19,hebrew_title,accepted,1,https://shironet.mako.co.il/artist?type=lyrics&lang=1&prfid=10755&wrkid=47852,רחוק מכולם,עומר אדם,100.0,100.0,1hTth4TFnHWYWiXglQ6bN2.txt,751.0
spotify:track:1ttOlVyZvmnozD2muIxulw,עד מחר,Eviatar Banai,7815001,38,2023-10-12,hebrew_title,accepted,1,https://shironet.mako.co.il/artist?type=lyrics&lang=1&prfid=41&wrkid=23431,עד מחר,אביתר בנאי,100.0,100.0,1ttOlVyZvmnozD2muIxulw.txt,439.0
spotify:track:78FrkrO3KgizjXDObyFvzW,צ'יק צ'ק,Static,7730758,1,2024-09-12,hebrew_title,accepted,1,https://shironet.mako.co.il/artist?type=lyrics&lang=1&prfid=20594&wrkid=61484,צ'יק צ'יק,סטטיק,94.1,100.0,78FrkrO3KgizjXDObyFvzW.txt,902.0
spotify:track:2eauhZzDelRWx1f3PmdaxU,חולה ירח,Itay Levi,7629897,14,2024-06-06,hebrew_title,accepted,1,https://shironet.mako.co.il/artist?type=lyrics&lang=1&prfid=15629&wrkid=60539,חולה ירח,איתי לוי,100.0,100.0,2eauhZzDelRWx1f3PmdaxU.txt,1217.0
spotify:track:0OIq7kRsGg7UkLKtO7Srqd,בחיבק,תמר ריילי,7568897,1,2025-02-06,hebrew_title,accepted,1,https://shironet.mako.co.il/artist?type=lyrics&lang=1&prfid=25980&wrkid=62338,בחיבק,תמר ריילי,100.0,100.0,0OIq7kRsGg7UkLKtO7Srqd.txt,934.0
spotify:track:52n4gF126eIllrGuc9Zus6,לשוב הביתה,Ishay Ribo,7545635,43,2023-10-12,hebrew_title,accepted,1,https://shironet.mako.co.il/artist?type=lyrics&lang=1&prfid=14733&wrkid=47086,לשוב הביתה,ישי ריבו,100.0,100.0,52n4gF126eIllrGuc9Zus6.txt,680.0
spotify:track:6svDE1ySQelKOFfW7kCn2B,התקדמתי ממך,"Itay Levi, ששון איפרם שאולוב",7527418,12,2024-12-05,hebrew_title,accepted,1,https://shironet.mako.co.il/artist?type=lyrics&lang=1&prfid=24321&wrkid=61955,התקדמתי ממך,ששון איפרם שאולוב,100.0,100.0,6svDE1ySQelKOFfW7kCn2B.txt,1006.0
spotify:track:3IiaTxdKgDe9NvmosLM8bM,בואי נדבר,ששון איפרם שאולוב,7512008,4,2023-10-26,hebrew_title,accepted,1,https://shironet.mako.co.il/artist?type=lyrics&lang=1&prfid=24321&wrkid=59167,בואי נדבר,ששון איפרם שאולוב,100.0,100.0,3IiaTxdKgDe9NvmosLM8bM.txt,868.0
spotify:track:6spkDJlie5raRezVwEDeQK,כל עכבה לטובה,Ben Zur,7419849,5,2025-07-03,hebrew_title,accepted,1,https://shironet.mako.co.il/artist?type=lyrics&lang=1&prfid=24458&wrkid=63808,כל עכבה לטובה,"שירים שנכתבו ע""י בן ציון חיים צור",100.0,100.0,6spkDJlie5raRezVwEDeQK.txt,1142.0
spotify:track:4Ow0gCGxYfOcyiCuZOt9mp,שבוע טוב,Avraham Tal,7389708,32,2023-10-12,hebrew_title,accepted,1,https://shironet.mako.co.il/artist?type=lyrics&lang=1&prfid=7335&wrkid=50352,שבוע טוב,אברהם טל,100.0,100.0,4Ow0gCGxYfOcyiCuZOt9mp.txt,633.0
spotify:track:5AjrNeUIzRkWzMz5hgujD2,רשימת קניות,"STILLA, Ness, Odeya",7365234,1,2025-03-27,hebrew_title,accepted,1,https://shironet.mako.co.il/artist?type=lyrics&lang=1&prfid=24760&wrkid=63212,רשימת קניות,נס וסטילה,100.0,100.0,5AjrNeUIzRkWzMz5hgujD2.txt,1709.0
spotify:track:7AlqKFiOM5X7nJdtbwvsi6,דאמ,Jasmin Moallem,7340003,3,2024-08-15,hebrew_title,accepted,1,https://shironet.mako.co.il/artist?type=lyrics&lang=1&prfid=22199&wrkid=61244,דאמ,יסמין מועלם,100.0,100.0,7AlqKFiOM5X7nJdtbwvsi6.txt,1170.0
spotify:track:0E9S1H3TktlpHmGyuKEfkL,לצאת מדיכאון,יגל אושרי,7319246,1,2023-10-12,hebrew_title,accepted,1,https://shironet.mako.co.il/artist?type=lyrics&lang=1&prfid=22735&wrkid=58881,לצאת מדיכאון,יגל אושרי,100.0,100.0,0E9S1H3TktlpHmGyuKEfkL.txt,654.0
spotify:track:2gK92y6pVz6ygq8Fc7N2xL,תתארו לכם,Shlomo Artzi,7302272,59,2023-10-12,hebrew_title,accepted,1,https://shironet.mako.co.il/artist?type=lyrics&lang=1&prfid=975&wrkid=18638,תתארו לכם,שלמה ארצי,100.0,100.0,2gK92y6pVz6ygq8Fc7N2xL.txt,971.0
spotify:track:3XSSUNQJHy7GTWtSHHITq5,השם ירחם,Tuna,7299993,6,2025-06-05,hebrew_title,review,1,https://shironet.mako.co.il/artist?type=lyrics&lang=1&prfid=4847&wrkid=63825,השם ירחם,איתי זבולון,100.0,33.3,,
spotify:track:2G1o9Mq8KpamOwJPZLuJc7,סתלבט בקיבוץ,"Full Trunk, Jimbo J",7288053,35,2023-10-12,hebrew_title,accepted,1,https://shironet.mako.co.il/artist?type=lyrics&lang=1&prfid=19507&wrkid=54246,סתלבט בקיבוץ,Full Trunk,100.0,100.0,2G1o9Mq8KpamOwJPZLuJc7.txt,1709.0
spotify:track:60GvepzSwgGx8kaZNln4L0,כל הזמן הזה,Ravid Plotnik,7177879,50,2023-10-12,hebrew_title,accepted,1,https://shironet.mako.co.il/artist?type=lyrics&lang=1&prfid=17619&wrkid=45661,כל הזמן הזה,רביד פלוטניק,100.0,100.0,60GvepzSwgGx8kaZNln4L0.txt,1631.0
spotify:track:0EMfLhcfPFWdVQBCE1YXB0,פסיכופט,עידו מלכה,6967236,10,2024-11-21,hebrew_title,accepted,1,https://shironet.mako.co.il/artist?type=lyrics&lang=1&prfid=25766&wrkid=61971,פסיכופט,עידו מלכה,100.0,100.0,0EMfLhcfPFWdVQBCE1YXB0.txt,1099.0
spotify:track:2PZ8BlakFfw8T8InWlkVLg,איפה שתגידי,Omer Adam,6892028,5,2025-06-12,hebrew_title,accepted,1,https://shironet.mako.co.il/artist?type=lyrics&lang=1&prfid=10755&wrkid=63746,איפה שתגידי,עומר אדם,100.0,100.0,2PZ8BlakFfw8T8InWlkVLg.txt,1029.0
spotify:track:2Ozw7k5CLtM5W9SomrOyjw,Hurricane,Eden Golan,6840050,1,2024-03-14,israeli_artist,review,1,https://shironet.mako.co.il/artist?type=lyrics&lang=2&prfid=35360&wrkid=70515,Hurricane,Bob Dylan,100.0,61.5,,
spotify:track:0P8jIXqWvT6iNCeAzyinxt,אל תעשי לו צרות,Osher Cohen,6760076,6,2025-05-29,hebrew_title,accepted,1,https://shironet.mako.co.il/artist?type=lyrics&lang=1&prfid=16196&wrkid=63807,אל תעשי לו צרות,אושר כהן,100.0,100.0,0P8jIXqWvT6iNCeAzyinxt.txt,782.0
spotify:track:4EN9nGt9TWutt0iDTRnXjY,כוכבים,Shilo Ben Saadon,6722109,16,2024-04-11,hebrew_title,accepted,1,https://shironet.mako.co.il/artist?type=lyrics&lang=1&prfid=22762&wrkid=60184,כוכבים,שילה בן סעדון,100.0,100.0,4EN9nGt9TWutt0iDTRnXjY.txt,647.0
spotify:track:3gdSZLWC594njZXkwWh7lQ,ואן דאם,Odeya,6700105,1,2025-10-09,hebrew_title,accepted,1,https://shironet.mako.co.il/artist?type=lyrics&lang=1&prfid=22151&wrkid=64481,ואן דאם,אודיה אזולאי,100.0,100.0,3gdSZLWC594njZXkwWh7lQ.txt,1194.0
spotify:track:1bow5OcK19mmexxgIYQlJu,אליס,Odeya,6670716,4,2025-07-03,hebrew_title,accepted,1,https://shironet.mako.co.il/artist?type=lyrics&lang=1&prfid=22151&wrkid=63767,אליס,אודיה אזולאי,100.0,100.0,1bow5OcK19mmexxgIYQlJu.txt,881.0
spotify:track:6IVIMUcrykPBQqWVA0g7zw,חרבו דרבו,"STILLA, Ness",6661654,1,2023-11-16,hebrew_title,accepted,1,https://shironet.mako.co.il/artist?type=lyrics&lang=1&prfid=24760&wrkid=59269,חרבו דרבו,נס וסטילה,100.0,100.0,6IVIMUcrykPBQqWVA0g7zw.txt,2169.0
spotify:track:7LA51LhQTW9tulMfS3IhiL,מטורפת,"רואי אדם, Zion Baruch",6575696,2,2025-04-03,hebrew_title,accepted,1,https://shironet.mako.co.il/artist?type=lyrics&lang=1&prfid=24794&wrkid=63043,מטורפת,רואי אדם,100.0,100.0,7LA51LhQTW9tulMfS3IhiL.txt,1077.0
spotify:track:5omHkj4qY0A8f6mE4T3fAH,היה טוב,Omer Adam,6550303,5,2025-06-12,hebrew_title,accepted,1,https://shironet.mako.co.il/artist?type=lyrics&lang=1&prfid=10755&wrkid=63743,היה טוב,עומר אדם,100.0,100.0,5omHkj4qY0A8f6mE4T3fAH.txt,1190.0
spotify:track:6Xg2Ir8Go9giAzRxW4Jaze,גיבורי על,Hatikva 6,6468825,21,2024-02-29,hebrew_title,accepted,1,https://shironet.mako.co.il/artist?type=lyrics&lang=1&prfid=5629&wrkid=59811,גיבורי על,התקווה 6,100.0,100.0,6Xg2Ir8Go9giAzRxW4Jaze.txt,1089.0
spotify:track:7n6elf6gl4POlFO2LlyIMy,בסיבוב הבא,Eden Ben Zaken,6468185,15,2025-04-24,hebrew_title,accepted,1,https://shironet.mako.co.il/artist?type=lyrics&lang=1&prfid=16843&wrkid=63814,בסיבוב הבא,עדן בן זקן,100.0,100.0,7n6elf6gl4POlFO2LlyIMy.txt,823.0
spotify:track:0QDGzInNYjTlYI28Xq7slK,לאהוב אותך כל יום,"Doli & Penn, Eden Hason",6448413,7,2023-10-12,hebrew_title,accepted,1,https://shironet.mako.co.il/artist?type=lyrics&lang=1&prfid=13834&wrkid=57944,לאהוב אותך כל יום,עדן חסון,100.0,100.0,0QDGzInNYjTlYI28Xq7slK.txt,899.0
spotify:track:2RNGK9C5zMQhKMTiPL5Q0T,מאחל לך טוב,Osher Cohen,6425782,2,2025-02-13,hebrew_title,accepted,1,https://shironet.mako.co.il/artist?type=lyrics&lang=1&prfid=16196&wrkid=62637,מאחל לך טוב,אושר כהן,100.0,100.0,2RNGK9C5zMQhKMTiPL5Q0T.txt,1236.0
spotify:track:6WDVPVfGdcL1d574NP7BVP,לא להמציא,DUDA,6361370,6,2025-03-27,hebrew_title,accepted,1,https://shironet.mako.co.il/artist?type=lyrics&lang=1&prfid=25425&wrkid=63815,לא להמציא,דודא,100.0,85.7,6WDVPVfGdcL1d574NP7BVP.txt,2421.0
spotify:track:2OhunYlfKcvrwQBStJD5u8,פרפרים,Odeya,6304984,3,2025-03-06,hebrew_title,accepted,1,https://shironet.mako.co.il/artist?type=lyrics&lang=1&prfid=22151&wrkid=62963,פרפרים,אודיה אזולאי,100.0,100.0,2OhunYlfKcvrwQBStJD5u8.txt,829.0
spotify:track:6xtqda5h0wlcFn3WdI4pb6,כל הכוכבים,Tuna,6266778,22,2023-10-12,hebrew_title,accepted,1,https://shironet.mako.co.il/artist?type=lyrics&lang=1&prfid=16260&wrkid=52347,כל הכוכבים,טונה,100.0,100.0,6xtqda5h0wlcFn3WdI4pb6.txt,369.0
spotify:track:0WS3pHso7moPHG8W2pbqPB,קפה וסיגריה,"Ravid Plotnik, ניר דנן",6236565,82,2023-10-12,hebrew_title,accepted,1,https://shironet.mako.co.il/artist?type=lyrics&lang=1&prfid=17619&wrkid=37544,קפה וסיגריה,רביד פלוטניק,100.0,100.0,0WS3pHso7moPHG8W2pbqPB.txt,1309.0
spotify:track:3hay408PSjTAxPn5TPxzyh,חלק מהזמן,Idan Amedi,6222019,36,2023-10-12,hebrew_title,accepted,1,https://shironet.mako.co.il/artist?type=lyrics&lang=1&prfid=12746&wrkid=44849,חלק מהזמן,עידן עמדי,100.0,100.0,3hay408PSjTAxPn5TPxzyh.txt,798.0
spotify:track:0tIQwXFOyQjd6K7w7PIBrn,יש בך הכל,Akiva,6187716,70,2023-10-12,hebrew_title,accepted,1,https://shironet.mako.co.il/artist?type=lyrics&lang=1&prfid=23512&wrkid=54524,יש בך הכל,עקיבא,100.0,100.0,0tIQwXFOyQjd6K7w7PIBrn.txt,671.0
spotify:track:3Dx920qUWdBswFizsT1PxR,באמת של האמת,Osher Cohen,6150151,6,2025-08-07,hebrew_title,accepted,1,https://shironet.mako.co.il/artist?type=lyrics&lang=1&prfid=16196&wrkid=64266,באמת של האמת,אושר כהן,100.0,100.0,3Dx920qUWdBswFizsT1PxR.txt,1672.0
spotify:track:4uZxeONVzM7MLQqlMmTHMz,פאפי,Odeya,6109141,4,2025-07-03,hebrew_title,accepted,1,https://shironet.mako.co.il/artist?type=lyrics&lang=1&prfid=22151&wrkid=63768,פאפי,אודיה אזולאי,100.0,100.0,4uZxeONVzM7MLQqlMmTHMz.txt,1448.0
spotify:track:5lNB8HWmxpICQXi5Pgatz1,נאדי באדי,"Shahar Tavoch, Agam Buhbut",6070054,5,2024-04-04,hebrew_title,accepted,1,https://shironet.mako.co.il/artist?type=lyrics&lang=1&prfid=15227&wrkid=59979,נאדי באדי,אגם בוחבוט,100.0,100.0,5lNB8HWmxpICQXi5Pgatz1.txt,1145.0
spotify:track:7dCPciHW5xuxB7G4i8G5AX,עובד בכפר,Odeya,6032385,9,2025-01-16,hebrew_title,accepted,1,https://shironet.mako.co.il/artist?type=lyrics&lang=1&prfid=22151&wrkid=61573,עובד בכפר,אודיה אזולאי,100.0,100.0,7dCPciHW5xuxB7G4i8G5AX.txt,1448.0
spotify:track:4WoKmBYVGyrf7t0SkHhMQ1,אין כבוד,Osher Cohen,5874081,5,2025-08-07,hebrew_title,accepted,1,https://shironet.mako.co.il/artist?type=lyrics&lang=1&prfid=16196&wrkid=64261,אין כבוד,אושר כהן,100.0,100.0,4WoKmBYVGyrf7t0SkHhMQ1.txt,1522.0
spotify:track:7pojjbZAyaEs28gCbV55xT,שושו,"Omer Adam, Odeya",5871404,7,2025-06-12,hebrew_title,accepted,1,https://shironet.mako.co.il/artist?type=lyrics&lang=1&prfid=10755&wrkid=63748,שושו,עומר אדם,100.0,100.0,7pojjbZAyaEs28gCbV55xT.txt,1454.0
spotify:track:60BOR51eeN8A3wYIrElggH,אני פה,"Osher Cohen, Odeya",5816248,18,2023-10-12,hebrew_title,accepted,1,https://shironet.mako.co.il/artist?type=lyrics&lang=1&prfid=16196&wrkid=57339,אני פה,אושר כהן,100.0,100.0,60BOR51eeN8A3wYIrElggH.txt,886.0
spotify:track:1Ttz2PpMy1uF6qQJ2TpEoh,אחרי הנצח,Peer Tasi,5809540,59,2023-12-14,hebrew_title,accepted,1,https://shironet.mako.co.il/artist?type=lyrics&lang=1&prfid=7747&wrkid=56531,אחרי הנצח,פאר טסי,100.0,100.0,1Ttz2PpMy1uF6qQJ2TpEoh.txt,620.0
spotify:track:6Gt2PGz5zL9HnnJo3UvDV4,עולם בשני צבעים,ששון איפרם שאולוב,5791363,3,2025-08-14,hebrew_title,accepted,1,https://shironet.mako.co.il/artist?type=lyrics&lang=1&prfid=24321&wrkid=64061,עולם בשני צבעים,ששון איפרם שאולוב,100.0,100.0,6Gt2PGz5zL9HnnJo3UvDV4.txt,748.0
spotify:track:4ra4WsUIRDxIQ6p0l5t276,רוקד עם הכאב,Peer Tasi,5710139,36,2024-08-22,hebrew_title,accepted,1,https://shironet.mako.co.il/artist?type=lyrics&lang=1&prfid=7747&wrkid=61987,רוקד עם הכאב,פאר טסי,100.0,100.0,4ra4WsUIRDxIQ6p0l5t276.txt,535.0
spotify:track:6oTChqDVAXNxJrg57siTxB,עטלף עיוור,Hanan Ben Ari,5686516,14,2023-10-12,hebrew_title,accepted,1,https://shironet.mako.co.il/artist?type=lyrics&lang=1&prfid=17593&wrkid=57816,עטלף עיוור,חנן בן ארי,100.0,100.0,6oTChqDVAXNxJrg57siTxB.txt,925.0
spotify:track:7362lWsAM9fv1ZF3tjNG1K,אני מסתובב,נדב חנציס,5676183,7,2025-07-17,hebrew_title,accepted,1,https://shironet.mako.co.il/artist?type=lyrics&lang=1&prfid=26233&wrkid=64042,אני מסתובב,נדב חנציס,100.0,100.0,7362lWsAM9fv1ZF3tjNG1K.txt,885.0
spotify:track:1946N277M0tygagJZxCP1f,ה' יברך אותך,Osher Cohen,5570612,3,2025-02-13,hebrew_title,accepted,1,https://shironet.mako.co.il/artist?type=lyrics&lang=1&prfid=16196&wrkid=62639,ה׳ יברך אותך,אושר כהן,100.0,100.0,1946N277M0tygagJZxCP1f.txt,1325.0
spotify:track:5xzBjwCJLdIKtIXQZ06RXj,שמש שזורחת עליי,Ravid Plotnik,5556716,28,2025-01-16,hebrew_title,accepted,1,https://shironet.mako.co.il/artist?type=lyrics&lang=1&prfid=17619&wrkid=62424,שמש שזורחת עליי,רביד פלוטניק,100.0,100.0,5xzBjwCJLdIKtIXQZ06RXj.txt,2669.0
spotify:track:1hLd6flq2cPLvH2Xraimbu,תסביכים קשים,שירז אברהם,5529244,14,2024-08-08,hebrew_title,not_found,1,https://shironet.mako.co.il/artist?type=lyrics&lang=1&prfid=24858&wrkid=65321,היית לי עיניים,שירז אברהם,43.5,100.0,,
spotify:track:2KBtuxA73fMKyj37wr1XKM,סטלות,Omer Adam,5457981,13,2023-10-12,hebrew_title,accepted,1,https://shironet.mako.co.il/artist?type=lyrics&lang=1&prfid=10755&wrkid=58928,סטלות,עומר אדם,100.0,100.0,2KBtuxA73fMKyj37wr1XKM.txt,1663.0
spotify:track:3KFaiPnUVpvwrcIjbMFKBW,נשמות צמאות,Ben Zur,5454952,7,2025-08-07,hebrew_title,accepted,1,https://shironet.mako.co.il/artist?type=lyrics&lang=1&prfid=25803&wrkid=64345,נשמות צמאות,בן צור,100.0,100.0,3KFaiPnUVpvwrcIjbMFKBW.txt,578.0
spotify:track:7jdvibTKMCbIP2B77ayD8Q,עד המדבר,"דיג'יי אונלי, Talisman, Omri Sabach",5392276,50,2023-10-12,hebrew_title,accepted,1,https://shironet.mako.co.il/artist?type=lyrics&lang=1&prfid=18946&wrkid=43069,עד המדבר,דיג'יי אונלי וטליסמאן מארחים את עומרי סבח,100.0,100.0,7jdvibTKMCbIP2B77ayD8Q.txt,944.0
spotify:track:40i7ilG9ltStXi09E5m32E,בן אדם,Odeya,5304391,3,2024-09-12,hebrew_title,accepted,1,https://shironet.mako.co.il/artist?type=lyrics&lang=1&prfid=22151&wrkid=61326,בן אדם,אודיה אזולאי,100.0,100.0,40i7ilG9ltStXi09E5m32E.txt,829.0
spotify:track:6hQh8TDewz3fGZgSHAnb6J,תגידי לי,Omer Adam,5215619,8,2025-06-12,hebrew_title,accepted,1,https://shironet.mako.co.il/artist?type=lyrics&lang=1&prfid=10755&wrkid=63749,תגידי לי,עומר אדם,100.0,100.0,6hQh8TDewz3fGZgSHAnb6J.txt,1171.0
spotify:track:5bFrsEk5efTVlOTwtLBLn2,טאטע תטהר - גרסה אקוסטית,"יאיר אלייצור, Ben Zur",5210528,7,2025-01-23,hebrew_title,accepted,1,https://shironet.mako.co.il/artist?type=lyrics&lang=1&prfid=24297&wrkid=62179,טאטע תטהר,יוסף יאיר אליצור,100.0,95.7,5bFrsEk5efTVlOTwtLBLn2.txt,1363.0
spotify:track:6gGbQIKS0dyNQrJfUatt46,רוזה,Omer Adam,5183018,11,2025-06-12,hebrew_title,review,1,https://shironet.mako.co.il/artist?type=lyrics&lang=1&prfid=465&wrkid=2807,רוזה,יהורם גאון,100.0,50.0,,
spotify:track:3Au0H4VhjcXZ5HGOHo8Nc3,רונדלים,Static,5143604,11,2023-10-12,hebrew_title,accepted,1,https://shironet.mako.co.il/artist?type=lyrics&lang=1&prfid=20594&wrkid=57155,רונדלים,סטטיק,100.0,100.0,3Au0H4VhjcXZ5HGOHo8Nc3.txt,915.0
spotify:track:3cXhJh34pRLkZegiL5cfy9,כשיגמר לכם הקיץ,ששון איפרם שאולוב,5046845,11,2023-10-19,hebrew_title,accepted,1,https://shironet.mako.co.il/artist?type=lyrics&lang=1&prfid=24321&wrkid=58952,כשיגמר לכם הקיץ,ששון איפרם שאולוב,100.0,100.0,3cXhJh34pRLkZegiL5cfy9.txt,859.0
spotify:track:1136mOn1aHIa1evNDoYRfo,תקרא לי מאמי,Mor,5043833,88,2023-10-26,hebrew_title,not_found,1,https://shironet.mako.co.il/artist?type=lyrics&lang=1&prfid=24631&wrkid=57145,אין אותנו יותר,אבי אבורומי & מור,46.2,100.0,,
spotify:track:06RR5ewHedBUC9GRgWLwkK,מוזיקה טובה,Ravid Plotnik,5005085,65,2023-10-12,hebrew_title,accepted,1,https://shironet.mako.co.il/artist?type=lyrics&lang=1&prfid=17619&wrkid=57989,מוזיקה טובה,רביד פלוטניק,100.0,100.0,06RR5ewHedBUC9GRgWLwkK.txt,1039.0
spotify:track:354YT2zYO1GpAmf10xXiZf,בואי נדבר,ששון איפרם שאולוב,4982545,26,2024-08-15,hebrew_title,accepted,1,https://shironet.mako.co.il/artist?type=lyrics&lang=1&prfid=24321&wrkid=59167,בואי נדבר,ששון איפרם שאולוב,100.0,100.0,354YT2zYO1GpAmf10xXiZf.txt,868.0
spotify:track:3pvBB4oPXTaHV403msHYF0,גן עדן של משוגעים,ששון איפרם שאולוב,4881212,33,2024-08-15,hebrew_title,accepted,1,https://shironet.mako.co.il/artist?type=lyrics&lang=1&prfid=24321&wrkid=59462,גן עדן של משוגעים,ששון איפרם שאולוב,100.0,100.0,3pvBB4oPXTaHV403msHYF0.txt,715.0
spotify:track:0tewqHTtZMfb7sPsqTyRVc,מרכז תל אביב,Itay Levi,4841943,51,2024-08-29,hebrew_title,accepted,1,https://shironet.mako.co.il/artist?type=lyrics&lang=1&prfid=15629&wrkid=61324,מרכז תל אביב,איתי לוי,100.0,100.0,0tewqHTtZMfb7sPsqTyRVc.txt,1032.0
spotify:track:4RyMByXc5HfKc3b8wqwOso,אהבה חולה,Peer Tasi,4811825,25,2023-10-12,hebrew_title,accepted,1,https://shironet.mako.co.il/artist?type=lyrics&lang=1&prfid=7747&wrkid=56521,אהבה חולה,פאר טסי,100.0,100.0,4RyMByXc5HfKc3b8wqwOso.txt,523.0
spotify:track:5RnhWaP5VD3eJN3J0chPmh,בסיבוב,"Tuna, Tzlil Danin",4810216,116,2023-10-12,hebrew_title,accepted,1,https://shironet.mako.co.il/artist?type=lyrics&lang=1&prfid=16260&wrkid=58001,בסיבוב,טונה,100.0,100.0,5RnhWaP5VD3eJN3J0chPmh.txt,1771.0
spotify:track:0FEmTSrI0M8nImeYOrCaPi,גיטרה ולנשום,Osher Cohen,4780729,11,2025-02-13,hebrew_title,accepted,1,https://shironet.mako.co.il/artist?type=lyrics&lang=1&prfid=16196&wrkid=62640,גיטרה ולנשום,אושר כהן,100.0,100.0,0FEmTSrI0M8nImeYOrCaPi.txt,1564.0
spotify:track:5R2KoD3IlLRvCPHVhwdaEe,רוקד לי על העצב,Mor,4754109,29,2025-03-13,hebrew_title,accepted,1,https://shironet.mako.co.il/artist?type=lyrics&lang=1&prfid=24014&wrkid=63091,רוקד לי על העצב,מור רביעי,100.0,100.0,5R2KoD3IlLRvCPHVhwdaEe.txt,799.0
spotify:track:3yyHRwblo5kk0fH9pfMP6M,ביחד,"Marina Maximilian, Guy Mentesh",4743220,44,2023-10-12,hebrew_title,review,1,https://shironet.mako.co.il/artist?type=lyrics&lang=1&prfid=2582&wrkid=52456,ביחד,אריאל גל,100.0,50.0,,
spotify:track:7fcFn0EdQleBdarD7yLp95,מבת ים ועד הנצח,Omer Adam,4727553,4,2024-03-28,hebrew_title,accepted,1,https://shironet.mako.co.il/artist?type=lyrics&lang=1&prfid=10755&wrkid=60049,מבת ים ועד הנצח,עומר אדם,100.0,100.0,7fcFn0EdQleBdarD7yLp95.txt,950.0
spotify:track:0f9vK5r3z8jgTX2PK4ZxPF,יפה כלבנה,Eviatar Banai,4694667,75,2023-10-19,hebrew_title,accepted,1,https://shironet.mako.co.il/artist?type=lyrics&lang=1&prfid=41&wrkid=35987,יפה כלבנה,אביתר בנאי,100.0,100.0,0f9vK5r3z8jgTX2PK4ZxPF.txt,348.0
spotify:track:16HcSqHWoJn7Be4T2MOCZ4,גן עדן של משוגעים,ששון איפרם שאולוב,4646228,6,2023-12-28,hebrew_title,accepted,1,https://shironet.mako.co.il/artist?type=lyrics&lang=1&prfid=24321&wrkid=59462,גן עדן של משוגעים,ששון איפרם שאולוב,100.0,100.0,16HcSqHWoJn7Be4T2MOCZ4.txt,715.0
spotify:track:5wXHoXp3DCnzuqZOE6rY0a,סיפורי צדיקים,"Odeya, Ben Zur",4580805,5,2025-03-06,hebrew_title,not_found,1,https://shironet.mako.co.il/artist?type=lyrics&lang=1&prfid=24458&wrkid=62962,סיפורי צדיקים - אודיה & בן צור,"שירים שנכתבו ע""י בן ציון חיים צור",70.6,100.0,,
spotify:track:1QP8gp1xtid9iE9L7SzB8e,תוכו רצוף אהבה,Ishay Ribo,4570164,51,2023-10-12,hebrew_title,accepted,1,https://shironet.mako.co.il/artist?type=lyrics&lang=1&prfid=14733&wrkid=33820,תוכו רצוף אהבה,ישי ריבו,100.0,100.0,1QP8gp1xtid9iE9L7SzB8e.txt,767.0
spotify:track:0ckd54NpB6QU3NIBdbkddf,גשם,Osher Cohen,4564205,11,2025-04-17,hebrew_title,accepted,1,https://shironet.mako.co.il/artist?type=lyrics&lang=1&prfid=16196&wrkid=63669,גשם,אושר כהן,100.0,100.0,0ckd54NpB6QU3NIBdbkddf.txt,966.0
spotify:track:5e1XuRHOjrgVhy6zrZWOCu,אם זה זה – זה זה,Agam Buhbut,4558752,10,2025-04-10,hebrew_title,accepted,1,https://shironet.mako.co.il/artist?type=lyrics&lang=1&prfid=15227&wrkid=63523,אם זה זה זה זה,אגם בוחבוט,100.0,100.0,5e1XuRHOjrgVhy6zrZWOCu.txt,1201.0
spotify:track:0x9UM4GuxnMJUjyuipowmo,אל תעזבי ידיים,Akiva,4533317,81,2023-10-12,hebrew_title,accepted,1,https://shironet.mako.co.il/artist?type=lyrics&lang=1&prfid=19260&wrkid=48847,אל תעזבי ידיים,עקיבא תורג'מן,100.0,100.0,0x9UM4GuxnMJUjyuipowmo.txt,900.0
spotify:track:6qi83Ret9Yok9PfZWzmdZk,חסר/ה לי ברמות,"בנאל בן ציון, שירז אברהם",4519571,64,2023-10-12,hebrew_title,not_found,2,https://shironet.mako.co.il/artist?type=lyrics&lang=1&prfid=14616&wrkid=60210 | https://shironet.mako.co.il/artist?type=lyrics&lang=1&prfid=14616&wrkid=60210,ברמות את חסרה | ברמות את חסרה,בנאל בן ציון | בנאל בן ציון,42.9,100.0,,
spotify:track:2LdUmQdymO99riYOVCrUPK,שתי טיפות,Omer Adam,4511562,22,2024-11-14,hebrew_title,accepted,1,https://shironet.mako.co.il/artist?type=lyrics&lang=1&prfid=10755&wrkid=61969,שתי טיפות,עומר אדם,100.0,100.0,2LdUmQdymO99riYOVCrUPK.txt,990.0
spotify:track:1oZbzZEpWVtmwMjxo12SzV,רוקי,Odeya,4437502,2,2025-10-09,hebrew_title,not_found,1,https://shironet.mako.co.il/artist?type=lyrics&lang=1&prfid=22151&wrkid=66457,רוצי ילדה,אודיה אזולאי,50.0,100.0,,
spotify:track:4KO1zi2sp4jU3V6M23cbLr,פרופיל 97,Peer Tasi,4425052,14,2025-07-03,hebrew_title,accepted,1,https://shironet.mako.co.il/artist?type=lyrics&lang=1&prfid=7747&wrkid=63770,97 פרופיל,פאר טסי,100.0,100.0,4KO1zi2sp4jU3V6M23cbLr.txt,521.0
spotify:track:0CBpvL8Z0NRdazbJ4HDm9M,תרקדי (7.10.23),Osher Cohen,4389850,10,2023-11-09,hebrew_title,review,1,https://shironet.mako.co.il/artist?type=lyrics&lang=1&prfid=3787&wrkid=51850,תרקדי,משה פרץ,100.0,36.4,,
spotify:track:0auLq7aePfiNwd1YZNlC4S,גברת אגו,Omer Adam,4371201,10,2024-11-14,hebrew_title,accepted,1,https://shironet.mako.co.il/artist?type=lyrics&lang=1&prfid=10755&wrkid=61960,גברת אגו,עומר אדם,100.0,100.0,0auLq7aePfiNwd1YZNlC4S.txt,962.0
spotify:track:3Y4G4E7EVomTWTFSFS0Sn5,אלוף העולם,Hanan Ben Ari,4370935,61,2023-10-12,hebrew_title,accepted,1,https://shironet.mako.co.il/artist?type=lyrics&lang=1&prfid=17593&wrkid=48648,אלוף העולם,חנן בן ארי,100.0,100.0,3Y4G4E7EVomTWTFSFS0Sn5.txt,1232.0
spotify:track:3mCCFs2hdDM2mObzARzxOg,תיק קטן,"STILLA, Ness",4295885,22,2023-10-12,hebrew_title,accepted,1,https://shironet.mako.co.il/artist?type=lyrics&lang=1&prfid=24760&wrkid=57655,תיק קטן,נס וסטילה,100.0,100.0,3mCCFs2hdDM2mObzARzxOg.txt,2029.0
spotify:track:5bmDwWuujqU0Of3fdwMzFJ,בן אדם,Odeya,4293206,25,2025-01-16,hebrew_title,accepted,1,https://shironet.mako.co.il/artist?type=lyrics&lang=1&prfid=22151&wrkid=61326,בן אדם,אודיה אזולאי,100.0,100.0,5bmDwWuujqU0Of3fdwMzFJ.txt,829.0
spotify:track:05iw1Zb7Lp5DNUSvDhBRk6,נגנב ממך,"Full Trunk, Ninet Tayeb",4278207,5,2025-07-31,hebrew_title,accepted,1,https://shironet.mako.co.il/artist?type=lyrics&lang=1&prfid=18621&wrkid=63837,נגנב ממך,פול טראנק,100.0,100.0,05iw1Zb7Lp5DNUSvDhBRk6.txt,722.0
spotify:track:0h9lqpfcS37U6zvDCKwQhX,אייכה,Shuli Rand,4199213,71,2023-10-12,hebrew_title,review,1,https://shironet.mako.co.il/artist?type=lyrics&lang=1&prfid=939&wrkid=20224,איכה,שולי רנד,88.9,100.0,,
spotify:track:3zhFqDzJZfnc8L5QkGWWG6,קרן שמש,Benaia Barabi,4116904,31,2023-10-12,hebrew_title,accepted,1,https://shironet.mako.co.il/artist?type=lyrics&lang=1&prfid=17746&wrkid=55701,קרן שמש,בניה ברבי,100.0,100.0,3zhFqDzJZfnc8L5QkGWWG6.txt,850.0
spotify:track:5zdau2dtmOUHF3CJ3odKfb,נתראה בגלגול הבא,ששון איפרם שאולוב,4112097,17,2023-11-16,hebrew_title,accepted,1,https://shironet.mako.co.il/artist?type=lyrics&lang=1&prfid=25152&wrkid=59174,נתראה בגלגול הבא,ששון שאולוב,100.0,100.0,5zdau2dtmOUHF3CJ3odKfb.txt,481.0
spotify:track:0cnXDZGevuZ5kj2nbVzPyu,לילה עיר,Maor Cohen,3994760,62,2023-10-12,hebrew_title,accepted,1,https://shironet.mako.co.il/artist?type=lyrics&lang=1&prfid=602&wrkid=22360,לילה עיר,מאור כהן,100.0,100.0,0cnXDZGevuZ5kj2nbVzPyu.txt,327.0
spotify:track:2v8ZRDPqR7s7KDt1QQ57hx,תן לי את האששש,Jasmin Moallem,3974894,13,2024-12-12,hebrew_title,accepted,1,https://shironet.mako.co.il/artist?type=lyrics&lang=1&prfid=22199&wrkid=62240,תן לי את האששש,יסמין מועלם,100.0,100.0,2v8ZRDPqR7s7KDt1QQ57hx.txt,1788.0
spotify:track:1dkljZlzg37FoGtUJ1EsxQ,איפה אתה,Osher Cohen,3956758,9,2024-02-15,hebrew_title,accepted,1,https://shironet.mako.co.il/artist?type=lyrics&lang=1&prfid=16196&wrkid=59721,איפה אתה,אושר כהן,100.0,100.0,1dkljZlzg37FoGtUJ1EsxQ.txt,1066.0
spotify:track:4lBl6TVdZKF7KyLVw68JfP,שממה,Ori Ben Ari,3928200,51,2023-10-12,hebrew_title,not_found,1,https://shironet.mako.co.il/artist?type=lyrics&lang=1&prfid=22735&wrkid=67191,מה מצאת בעיר הזאת?,יגל אושרי,33.3,61.5,,
spotify:track:2PpTUW96jjJYr8ib8RUnUu,י'א 2,Tuna,3924886,45,2023-10-12,hebrew_title,review,1,https://shironet.mako.co.il/artist?type=lyrics&lang=1&prfid=16260&wrkid=45727,יא 2,טונה,88.9,100.0,,
spotify:track:7o6UDPFWtYrjUZnRvi1dvO,איך אפשר,Jane Bordeaux,3897700,109,2023-10-12,hebrew_title,review,1,https://shironet.mako.co.il/artist?type=lyrics&lang=1&prfid=19985&wrkid=45454,איך אפשר,יהונתן וענונו,100.0,45.5,,
spotify:track:2Nn5rAJpUi1AhPIubW6HU7,בני ברק או ערק,מ',3891643,40,2024-10-10,hebrew_title,review,1,https://shironet.mako.co.il/artist?type=lyrics&lang=1&prfid=25876&wrkid=61813,בני ברק או ערק,מ המסתערב,100.0,18.2,,
spotify:track:1qavga0IqdclZ5l21FC821,גן עדן,Agam Buhbut,3868526,16,2025-07-17,hebrew_title,accepted,1,https://shironet.mako.co.il/artist?type=lyrics&lang=1&prfid=15227&wrkid=63966,גן עדן,אגם בוחבוט,100.0,100.0,1qavga0IqdclZ5l21FC821.txt,537.0
spotify:track:0n2BeC9E0M7fC2jbKBYetu,כאלו מילים,Tomer Yosef,3857486,59,2023-10-12,hebrew_title,accepted,1,https://shironet.mako.co.il/artist?type=lyrics&lang=1&prfid=2749&wrkid=32025,כאלו מילים,"שירים שנכתבו ע""י תומר יוסף",100.0,100.0,0n2BeC9E0M7fC2jbKBYetu.txt,615.0
spotify:track:6Eds9y8ZiQHcIegsEIVcYP,את חסרה לי & אורות,"Avraham Tal, Eden Hason",3854206,25,2023-10-12,hebrew_title,review,2,https://shironet.mako.co.il/artist?type=lyrics&lang=1&prfid=12322&wrkid=44222 | https://shironet.mako.co.il/artist?type=lyrics&lang=1&prfid=7335&wrkid=26740,את חסרה לי | אורות,רחמים ג'נאח | אברהם טל,100.0,42.9,,
spotify:track:2eq2T5nu5NBvHYKzDatmt3,ככה זה (לאהוב אותך),Berry Sakharof,3835926,59,2023-10-19,hebrew_title,accepted,1,https://shironet.mako.co.il/artist?type=lyrics&lang=1&prfid=202&wrkid=33969,ככה זה,ברי סחרוף,100.0,100.0,2eq2T5nu5NBvHYKzDatmt3.txt,499.0
spotify:track:3TtZlTHR3gT0WYzFTEoPsV,שתישרף האהבה,Itay Levi,3834854,78,2024-06-06,hebrew_title,accepted,1,https://shironet.mako.co.il/artist?type=lyrics&lang=1&prfid=15629&wrkid=46709,שתשרף האהבה,איתי לוי,95.7,100.0,3TtZlTHR3gT0WYzFTEoPsV.txt,896.0
spotify:track:1Rh5r9vUOumJ1sbPuv3dkO,עד שתבואי עד אליי,Eden Hason,3829411,49,2023-10-12,hebrew_title,not_found,1,https://shironet.mako.co.il/artist?type=lyrics&lang=1&prfid=13834&wrkid=60243,אוי ואבוי,עדן חסון,46.2,100.0,,
spotify:track:3MU69FMOB5ddPCMSo1f0g7,וואלק,Full Trunk,3813827,78,2023-11-16,hebrew_title,accepted,1,https://shironet.mako.co.il/artist?type=lyrics&lang=1&prfid=19507&wrkid=54245,וואלק,Full Trunk,100.0,100.0,3MU69FMOB5ddPCMSo1f0g7.txt,659.0
spotify:track:1k91FYQpWr3WNuRfT3hI9N,קשה בכדור הארץ,Tuna,3766547,19,2025-06-05,hebrew_title,accepted,1,https://shironet.mako.co.il/artist?type=lyrics&lang=1&prfid=16260&wrkid=64073,קשה בכדור הארץ,טונה,100.0,100.0,1k91FYQpWr3WNuRfT3hI9N.txt,917.0
spotify:track:14uCYjc3tEJmK61fWQl3KK,בחורות טובות,"Sarit Hadad, Odeya",3722557,13,2025-08-07,hebrew_title,accepted,1,https://shironet.mako.co.il/artist?type=lyrics&lang=1&prfid=22151&wrkid=64074,בחורות טובות,אודיה אזולאי,100.0,100.0,14uCYjc3tEJmK61fWQl3KK.txt,612.0
spotify:track:4y4CClBoVYR9rXmeL5oK9c,לי ולה,"Ravid Plotnik, Avishai Cohen",3702229,57,2023-10-12,hebrew_title,not_found,1,https://shironet.mako.co.il/artist?type=lyrics&lang=1&prfid=17619&wrkid=53348,בלדה לביישן,רביד פלוטניק,58.8,100.0,,
spotify:track:2M8hzSzwsIlsCTAhuAQGSf,כסף או דמעות,Omer Adam,3686719,7,2024-03-28,hebrew_title,accepted,1,https://shironet.mako.co.il/artist?type=lyrics&lang=1&prfid=10755&wrkid=60051,כסף או דמעות,עומר אדם,100.0,100.0,2M8hzSzwsIlsCTAhuAQGSf.txt,767.0
spotify:track:7hBNxod1lDW2HKu9wlBUp5,עובד בכפר,Odeya,3667489,7,2024-09-12,hebrew_title,accepted,1,https://shironet.mako.co.il/artist?type=lyrics&lang=1&prfid=22151&wrkid=61573,עובד בכפר,אודיה אזולאי,100.0,100.0,7hBNxod1lDW2HKu9wlBUp5.txt,1448.0
spotify:track:3Q6d64XJr20cHQtRd07YGj,סיגליות,"Omer Adam, David Broza",3623897,39,2023-10-12,hebrew_title,accepted,1,https://shironet.mako.co.il/artist?type=lyrics&lang=1&prfid=301&wrkid=2383,סיגליות,דיויד ברוזה,100.0,100.0,3Q6d64XJr20cHQtRd07YGj.txt,755.0
spotify:track:5CkagnykIgnpOEorVEHgCF,בדיוק כמו שאני,Ravid Plotnik,3604091,67,2023-11-02,hebrew_title,not_found,1,https://shironet.mako.co.il/artist?type=lyrics&lang=1&prfid=17619&wrkid=62414,בוקר טוב חיים שלי,רביד פלוטניק,51.6,100.0,,
spotify:track:6YQpTZk61Ku0hyutsVLpPe,חיפשתי אותו בנרות,Eden Ben Zaken,3564006,31,2024-05-02,hebrew_title,not_found,1,https://shironet.mako.co.il/artist?type=lyrics&lang=1&prfid=16843&wrkid=44099,הייתי חוזרת,עדן בן זקן,48.0,100.0,,
spotify:track:6uCZdJ3p3hrfi6mRKVtt7k,תראי אהובתי,Osher Cohen,3551568,30,2023-10-12,hebrew_title,accepted,1,https://shironet.mako.co.il/artist?type=lyrics&lang=1&prfid=16196&wrkid=57342,תראי אהובתי,אושר כהן,100.0,100.0,6uCZdJ3p3hrfi6mRKVtt7k.txt,1090.0
spotify:track:1O0VUtEP7oVZKAXOMl0QLY,אקדח,Omer Adam,3548060,16,2024-03-28,hebrew_title,accepted,1,https://shironet.mako.co.il/artist?type=lyrics&lang=1&prfid=10755&wrkid=60050,אקדח,עומר אדם,100.0,100.0,1O0VUtEP7oVZKAXOMl0QLY.txt,1165.0
spotify:track:2WDgnb44mEO7gWUtECuNLJ,מכשפה,"Static, Adi Bity",3473554,23,2024-04-25,hebrew_title,accepted,1,https://shironet.mako.co.il/artist?type=lyrics&lang=1&prfid=20594&wrkid=60247,מכשפה,סטטיק,100.0,100.0,2WDgnb44mEO7gWUtECuNLJ.txt,1335.0
spotify:track:05KQMm1vL6MnJkgobUtwft,לבד על המיטה,Omer Adam,3415725,52,2023-10-12,hebrew_title,accepted,1,https://shironet.mako.co.il/artist?type=lyrics&lang=1&prfid=10755&wrkid=54254,לבד על המיטה,עומר אדם,100.0,100.0,05KQMm1vL6MnJkgobUtwft.txt,1579.0
spotify:track:3X0WwsNHfSqpd85A9Iggr2,38 וחוץ מכדורגל,"Hanan Ben Ari, Peer Tasi",3409864,15,2023-10-12,hebrew_title,review,1,https://shironet.mako.co.il/artist?type=lyrics&lang=1&prfid=17593&wrkid=58126,חוץ מכדורגל,חנן בן ארי,87.0,100.0,,
spotify:track:77k6W05ZwUQ8cp0CeK0iN6,עברתי רק כדי לראות,"Tomer Yosef, Ben Hendler",3384916,88,2023-10-12,hebrew_title,accepted,1,https://shironet.mako.co.il/artist?type=lyrics&lang=1&prfid=10335&wrkid=3320,עברתי רק כדי לראות,תומר יוסף ובן הנדלר,100.0,100.0,77k6W05ZwUQ8cp0CeK0iN6.txt,514.0
spotify:track:3veP41hqImUDYUhBbnZG90,שיר של יום חולין,Maor Cohen,3383632,63,2023-10-12,hebrew_title,accepted,1,https://shironet.mako.co.il/artist?type=lyrics&lang=1&prfid=602&wrkid=3033,שיר של יום חולין,מאור כהן,100.0,100.0,3veP41hqImUDYUhBbnZG90.txt,645.0
spotify:track:3cmplhlwMZyQbuTHThyGe7,מחכה,Idan Rafael Haviv,3360211,46,2023-10-12,hebrew_title,accepted,1,https://shironet.mako.co.il/artist?type=lyrics&lang=1&prfid=8853&wrkid=31382,מחכה,עידן חביב,100.0,100.0,3cmplhlwMZyQbuTHThyGe7.txt,354.0
spotify:track:5dA83d8LVoTXIX035X2LqW,סופרמן,Idan Amedi,3344142,7,2025-01-09,hebrew_title,accepted,1,https://shironet.mako.co.il/artist?type=lyrics&lang=1&prfid=12746&wrkid=62196,סופרמן,עידן עמדי,100.0,100.0,5dA83d8LVoTXIX035X2LqW.txt,3358.0
spotify:track:0ksRRdaUbYkXgvDOwWCHLp,הנך יפה,Ben Zur,3337269,72,2024-11-21,hebrew_title,accepted,1,https://shironet.mako.co.il/artist?type=lyrics&lang=1&prfid=25803&wrkid=61854,הנך יפה,בן צור,100.0,100.0,0ksRRdaUbYkXgvDOwWCHLp.txt,578.0
spotify:track:4JmmjsGmOED0sn0Le3r84u,עולם משוגע,"Tuna, Ravid Plotnik",3298295,92,2023-10-12,hebrew_title,accepted,1,https://shironet.mako.co.il/artist?type=lyrics&lang=1&prfid=18505&wrkid=40962,עולם משוגע,טונה מארח את נצ'י נצ',100.0,100.0,4JmmjsGmOED0sn0Le3r84u.txt,1811.0
spotify:track:72W6xVQGdKHQl348KYgwg2,שלמים,Idan Rafael Haviv,3297715,62,2023-10-12,hebrew_title,not_found,1,https://shironet.mako.co.il/artist?type=lyrics&lang=1&prfid=8853&wrkid=37009,נמלטים,עידן חביב,54.5,100.0,,
spotify:track:0ZFQYK9u8C1nGLXXb4y17W,קירות,Itay Levi,3246921,53,2024-03-14,hebrew_title,review,1,https://shironet.mako.co.il/artist?type=lyrics&lang=1&prfid=23205&wrkid=58622,קירות,יפית טסה,100.0,46.2,,
spotify:track:6OfuBrC66OMwMJSyTQDVkw,שיר לנטע,ניר כנען,3242025,17,2024-04-11,hebrew_title,accepted,1,https://shironet.mako.co.il/artist?type=lyrics&lang=1&prfid=25783&wrkid=62584,שיר לנטע,ניר כנען,100.0,100.0,6OfuBrC66OMwMJSyTQDVkw.txt,937.0
spotify:track:1I2O2LqFIUSndJW0NSUdfq,שאנל אזולאי,Odeya,3207357,30,2025-03-13,hebrew_title,accepted,1,https://shironet.mako.co.il/artist?type=lyrics&lang=1&prfid=22151&wrkid=62961,שאנל אזולאי,אודיה אזולאי,100.0,100.0,1I2O2LqFIUSndJW0NSUdfq.txt,1128.0
spotify:track:6kbhnbcZeYz8RvsFlLkhNH,החדר מסתובב,Eyal Golan,3198142,5,2025-03-27,hebrew_title,accepted,1,https://shironet.mako.co.il/artist?type=lyrics&lang=1&prfid=92&wrkid=63590,החדר מסתובב,אייל גולן,100.0,94.1,6kbhnbcZeYz8RvsFlLkhNH.txt,604.0
spotify:track:42jtELiUhOQ9hiWjPyV0ih,לא לפנות אליי,Nasrin Kadri,3177681,5,2025-01-16,hebrew_title,accepted,1,https://shironet.mako.co.il/artist?type=lyrics&lang=1&prfid=14273&wrkid=62370,לא לפנות אליי,נסרין קדרי,100.0,100.0,42jtELiUhOQ9hiWjPyV0ih.txt,1074.0
spotify:track:2rNoqRmOQfxAgJQQ0W70JH,דרך השלום,Peer Tasi,3134963,98,2024-08-22,hebrew_title,accepted,1,https://shironet.mako.co.il/artist?type=lyrics&lang=1&prfid=7747&wrkid=38125,דרך השלום,פאר טסי,100.0,100.0,2rNoqRmOQfxAgJQQ0W70JH.txt,1156.0
spotify:track:4ASfFTCr9NGAQKEjMx5BgE,האמת,"Odeya, רואי אדם",3122981,90,2023-10-26,hebrew_title,accepted,1,https://shironet.mako.co.il/artist?type=lyrics&lang=1&prfid=22151&wrkid=56329,האמת,אודיה אזולאי,100.0,100.0,4ASfFTCr9NGAQKEjMx5BgE.txt,1617.0
spotify:track:6ClLC1FYoL8orfOrcknQkk,מה לעשות עם הזאב,Alma Gov,3112319,20,2024-02-22,hebrew_title,accepted,1,https://shironet.mako.co.il/artist?type=lyrics&lang=1&prfid=23383&wrkid=57951,מה לעשות עם הזאב,עלמה גוב,100.0,100.0,6ClLC1FYoL8orfOrcknQkk.txt,859.0
spotify:track:5qOxJdYpngdcI4shMGYo8S,רובים ותלתלים,Tuna,3102353,4,2025-06-05,hebrew_title,review,1,https://shironet.mako.co.il/artist?type=lyrics&lang=1&prfid=4847&wrkid=63976,רובים ותלתלים,איתי זבולון,100.0,33.3,,
spotify:track:5oi46p5BbFdvgI0bAeu1rX,עם ישראל חי,Eyal Golan,3090594,7,2023-10-26,hebrew_title,accepted,1,https://shironet.mako.co.il/artist?type=lyrics&lang=1&prfid=92&wrkid=59179,עם ישראל חי,אייל גולן,100.0,94.1,5oi46p5BbFdvgI0bAeu1rX.txt,655.0
spotify:track:02mgxr6NgCwAVtuLtttDUB,מדאם,Noam Bettan,3077935,2,2025-11-20,hebrew_title,review,1,https://shironet.mako.co.il/artist?type=lyrics&lang=1&prfid=19936&wrkid=62843,מדאם,נועם בתן,100.0,80.0,,
spotify:track:7mBGGsJwx4o8NiqWfmAJ96,כפרה שלי,Ravid Plotnik,3021278,79,2023-10-12,hebrew_title,not_found,1,https://shironet.mako.co.il/artist?type=lyrics&lang=1&prfid=17619&wrkid=63191,מתי כספי,רביד פלוטניק,50.0,100.0,,
spotify:track:51XDPGyuq8EgHSXwKCn8CQ,שווארמה ודמעה,Omer Adam,2981800,17,2024-11-14,hebrew_title,accepted,1,https://shironet.mako.co.il/artist?type=lyrics&lang=1&prfid=10755&wrkid=61964,שווארמה ודמעה,עומר אדם,100.0,100.0,51XDPGyuq8EgHSXwKCn8CQ.txt,863.0
spotify:track:79frUUdqTcE1Qll6Twt8Ds,לב יפה,Ron Buhnik,2934136,63,2023-10-19,hebrew_title,not_found,1,https://shironet.mako.co.il/artist?type=lyrics&lang=1&prfid=2126&wrkid=7919,לבן זה יפה,בוטן מתוק בקרקס,76.9,52.6,,
spotify:track:4cZd8TSEowGRcDsmCvJEjU,אוהבת אותי אמיתי,Omer Adam,2861644,96,2024-10-31,hebrew_title,accepted,1,https://shironet.mako.co.il/artist?type=lyrics&lang=1&prfid=10755&wrkid=47520,אוהבת אותי אמיתי,עומר אדם,100.0,100.0,4cZd8TSEowGRcDsmCvJEjU.txt,1198.0
spotify:track:6SsIHyxHGkKaN9MET0k11l,הכל יהיה,Blue Pill,2851766,81,2024-01-18,hebrew_title,review,1,https://shironet.mako.co.il/artist?type=lyrics&lang=1&prfid=9742&wrkid=46733,הכל יהיה,הפיל הכחול,100.0,14.3,,
spotify:track:2FMwWEcq2uWnc6ILvodlta,מעליות,"Dudu Tassa, Roni Alter",2836123,106,2023-10-19,hebrew_title,accepted,1,https://shironet.mako.co.il/artist?type=lyrics&lang=1&prfid=6594&wrkid=17237,מעליות,דודו טסה ורוני אלטר,100.0,100.0,2FMwWEcq2uWnc6ILvodlta.txt,810.0
spotify:track:77oczEZHFyfbx5GFlIrfNk,הטוב הרע ועודיה,"Odeya, E-Z, LIAD MEIR",2795080,12,2024-09-12,hebrew_title,accepted,1,https://shironet.mako.co.il/artist?type=lyrics&lang=1&prfid=24768&wrkid=61568,הטוב הרע ועודיה,ליעד מאיר,100.0,100.0,77oczEZHFyfbx5GFlIrfNk.txt,2395.0
spotify:track:4abB8WdkswrxWxcV2e56x9,גדל לי קצת זקן,Eden Hason,2794344,55,2023-10-12,hebrew_title,not_found,1,https://shironet.mako.co.il/artist?type=lyrics&lang=1&prfid=13834&wrkid=57672,עושה לי צרות,עדן חסון,38.5,100.0,,
spotify:track:2pvlbipBAnMXwFkuRwLJpo,חורף 23,"Odeya, E-Z",2781210,6,2023-10-26,hebrew_title,accepted,1,https://shironet.mako.co.il/artist?type=lyrics&lang=1&prfid=7793&wrkid=59192,חורף 23,איזי,100.0,100.0,2pvlbipBAnMXwFkuRwLJpo.txt,1571.0
spotify:track:6uWUsqSzbYxGhRJHNI7xPE,סן דייגו,Elisha Banai,2779080,73,2023-10-12,hebrew_title,accepted,1,https://shironet.mako.co.il/artist?type=lyrics&lang=1&prfid=12290&wrkid=32420,סן דייגו,אלישע בנאי וארבעים השודדים,100.0,100.0,6uWUsqSzbYxGhRJHNI7xPE.txt,571.0
spotify:track:3q7lIfOj1j5HyVFlVr0vFj,אצלנו זה ככה,"Jasmin Moallem, Ben Zur",2760542,28,2025-08-28,hebrew_title,accepted,1,https://shironet.mako.co.il/artist?type=lyrics&lang=1&prfid=22199&wrkid=64170,אצלנו זה ככה,יסמין מועלם,100.0,100.0,3q7lIfOj1j5HyVFlVr0vFj.txt,1590.0
spotify:track:1A9o64PUc3sAJO6LceFK1K,משקה יקר,Peer Tasi,2760027,74,2025-03-06,hebrew_title,accepted,1,https://shironet.mako.co.il/artist?type=lyrics&lang=1&prfid=7747&wrkid=39849,משקה יקר,פאר טסי,100.0,100.0,1A9o64PUc3sAJO6LceFK1K.txt,1030.0
spotify:track:12ddpfSEpTUe2iixjUvLl6,זזה עם הגוף,"LifeSwisa, RONNY",2737143,49,2024-12-12,hebrew_title,review,1,https://shironet.mako.co.il/artist?type=lyrics&lang=1&prfid=23014&wrkid=51895,זזה עם הגוף,ANIHU,100.0,33.3,,
spotify:track:2bzhJBao5xywL3jlXu2S8O,סחרחורות,Mor,2720667,5,2025-11-13,hebrew_title,accepted,1,https://shironet.mako.co.il/artist?type=lyrics&lang=1&prfid=24014&wrkid=65067,סחרחורות,מור רביעי,100.0,100.0,2bzhJBao5xywL3jlXu2S8O.txt,664.0
spotify:track:5qbezFG8xCtoyUfOcjHUXv,אני,Omer Adam,2671393,66,2023-10-12,hebrew_title,accepted,1,https://shironet.mako.co.il/artist?type=lyrics&lang=1&prfid=10755&wrkid=56723,אני,עומר אדם,100.0,100.0,5qbezFG8xCtoyUfOcjHUXv.txt,1202.0
spotify:track:5edYMsNo852Zw29Qni9p8t,בובה,Noam Bettan,2668228,16,2023-10-12,hebrew_title,review,1,https://shironet.mako.co.il/artist?type=lyrics&lang=1&prfid=20077&wrkid=64931,בובה,עמנואל מרון,100.0,33.3,,
spotify:track:2dNqsY3YrTLDOivziWYF3p,כמה קל לך,נדב חנציס,2662041,52,2025-07-17,hebrew_title,accepted,1,https://shironet.mako.co.il/artist?type=lyrics&lang=1&prfid=26233&wrkid=64040,כמה קל לך,נדב חנציס,100.0,100.0,2dNqsY3YrTLDOivziWYF3p.txt,739.0
spotify:track:1pizAMAnDm5kDUSBKY3SPk,עד שיירד הסהר,Osher Cohen,2655541,6,2024-02-15,hebrew_title,accepted,1,https://shironet.mako.co.il/artist?type=lyrics&lang=1&prfid=16196&wrkid=59722,עד שיירד הסהר,אושר כהן,100.0,100.0,1pizAMAnDm5kDUSBKY3SPk.txt,1339.0
spotify:track:2mu7icHpteUJ5ZFcTE99Xw,בריידזילה,Noa Kirel,2631383,3,2025-11-20,hebrew_title,accepted,1,https://shironet.mako.co.il/artist?type=lyrics&lang=1&prfid=18493&wrkid=64937,בריידזילה,נועה קירל,100.0,100.0,2mu7icHpteUJ5ZFcTE99Xw.txt,1621.0
spotify:track:4E5fqKktoOAT3shxlolPBm,אינטלקטוערסית,Odeya,2601851,14,2023-10-12,hebrew_title,accepted,1,https://shironet.mako.co.il/artist?type=lyrics&lang=1&prfid=22151&wrkid=57936,אינטלקטוערסית,אודיה אזולאי,100.0,100.0,4E5fqKktoOAT3shxlolPBm.txt,1234.0
spotify:track:05N02mZEB9QHcEacmFCJCB,נופלת לך,Rinat Bar,2595385,41,2025-06-26,hebrew_title,not_found,1,https://shironet.mako.co.il/artist?type=lyrics&lang=1&prfid=1387&wrkid=21100,אל תוותר,רינת בר,50.0,100.0,,
spotify:track:1H5GUNNCrurtyoOKbS2tT8,New Day Will Rise,"Yuval Raphael, כאן - תאגיד השידור הישראלי",2573719,1,2025-03-13,israeli_artist,review,1,https://shironet.mako.co.il/artist?type=lyrics&lang=1&prfid=26080&wrkid=63010,New Day Will Rise,יובל רפאל,100.0,13.3,,
spotify:track:5X7EZzrGDp4YgzdFW3ZdZU,יצאת לטיול,Omer Adam,2481077,14,2025-06-12,hebrew_title,accepted,1,https://shironet.mako.co.il/artist?type=lyrics&lang=1&prfid=10755&wrkid=63747,יצאת לטיול,עומר אדם,100.0,100.0,5X7EZzrGDp4YgzdFW3ZdZU.txt,886.0
spotify:track:5e4PVtYVBu9BpJVhmQhIvS,שמש,Hanan Ben Ari,2463399,89,2023-10-12,hebrew_title,review,1,https://shironet.mako.co.il/artist?type=lyrics&lang=1&prfid=20281&wrkid=66334,שמש,לירז גרין,100.0,46.2,,
spotify:track:665X7UybqiY9dIKXSRozuH,אני בוכה,Itay Levi,2402945,36,2025-03-27,hebrew_title,accepted,1,https://shironet.mako.co.il/artist?type=lyrics&lang=1&prfid=15629&wrkid=63154,אני בוכה,איתי לוי,100.0,100.0,665X7UybqiY9dIKXSRozuH.txt,860.0
spotify:track:3d1AKnEKf2LBXn7wQUH21B,עקבים וג'ינס,Omer Adam,2393047,19,2025-06-12,hebrew_title,accepted,1,https://shironet.mako.co.il/artist?type=lyrics&lang=1&prfid=10755&wrkid=63750,עקבים וג'ינס,עומר אדם,100.0,100.0,3d1AKnEKf2LBXn7wQUH21B.txt,956.0
spotify:track:1GODZl0cB9rbCT9MMlE2Xp,שני זרים,Osher Cohen,2390123,36,2025-08-07,hebrew_title,accepted,1,https://shironet.mako.co.il/artist?type=lyrics&lang=1&prfid=16196&wrkid=64264,שני זרים,אושר כהן,100.0,100.0,1GODZl0cB9rbCT9MMlE2Xp.txt,1491.0
spotify:track:6aYvWy72gVdkip3Yco9osi,חתולים,"Jimbo J, Ravid Plotnik",2381733,93,2024-03-21,hebrew_title,review,1,https://shironet.mako.co.il/artist?type=lyrics&lang=1&prfid=1530&wrkid=28537,חתולים,ג'ירפות,100.0,61.5,,
spotify:track:7jIQI2hhTqgBB7xga5jTWA,מלכת הקרח,נתנאל דהאן,2355488,25,2025-07-31,hebrew_title,not_found,1,https://shironet.mako.co.il/artist?type=lyrics&lang=1&prfid=24770&wrkid=66693,מעולה,אייל לוי,46.2,42.9,,
spotify:track:5JGVm5Xshr1IlNlW9phZFQ,לא תראה אותי בוכה,Eden Hason,2351493,25,2023-10-12,hebrew_title,not_found,1,https://shironet.mako.co.il/artist?type=lyrics&lang=1&prfid=13834&wrkid=57944,לאהוב אותך כל יום,עדן חסון,58.8,100.0,,
spotify:track:7q40jR7vLHky0IKFTJWJ4K,שלום אהובתי,Eyal Golan,2327884,19,2023-10-12,hebrew_title,accepted,1,https://shironet.mako.co.il/artist?type=lyrics&lang=1&prfid=92&wrkid=60310,שלום אהובתי,אייל גולן,100.0,94.1,7q40jR7vLHky0IKFTJWJ4K.txt,805.0
spotify:track:2TlbpPgFuDkTqYNv01Amcv,מקום לשנינו & השם יברך אותך - מתוך חזרות לפסטיבל התמר 2025,"Idan Amedi, Osher Cohen",2317896,19,2025-09-25,hebrew_title,review,2,https://shironet.mako.co.il/artist?type=lyrics&lang=1&prfid=12746&wrkid=53929 | https://shironet.mako.co.il/artist?type=lyrics&lang=1&prfid=16196&wrkid=62639,מקום לשנינו | ה׳ יברך אותך,עידן עמדי | אושר כהן,88.0,100.0,,
spotify:track:3uidHx3If1PWAOCMcCdkNH,סהרה,Tuna,2306241,58,2023-10-12,hebrew_title,accepted,1,https://shironet.mako.co.il/artist?type=lyrics&lang=1&prfid=16260&wrkid=52354,סהרה,טונה,100.0,100.0,3uidHx3If1PWAOCMcCdkNH.txt,1256.0
spotify:track:0QQZ2e7ejeeo2NbTAHAYAb,באתי אלייך,Eyal Golan,2273579,82,2024-06-20,hebrew_title,accepted,1,https://shironet.mako.co.il/artist?type=lyrics&lang=1&prfid=92&wrkid=42979,באתי אלייך,אייל גולן,100.0,94.1,0QQZ2e7ejeeo2NbTAHAYAb.txt,787.0
spotify:track:2vR9gmLutur2qzskoEcYna,חומר ממכר,Ben Chen,2268547,30,2024-05-16,hebrew_title,accepted,1,https://shironet.mako.co.il/artist?type=lyrics&lang=1&prfid=23966&wrkid=60176,חומר ממכר,בן חן,100.0,100.0,2vR9gmLutur2qzskoEcYna.txt,561.0
spotify:track:4BnqGasQmJZsFDsrTymuth,מגנט,ששון איפרם שאולוב,2260887,51,2024-11-21,hebrew_title,accepted,1,https://shironet.mako.co.il/artist?type=lyrics&lang=1&prfid=25152&wrkid=61998,מגנט,ששון שאולוב,100.0,100.0,4BnqGasQmJZsFDsrTymuth.txt,738.0
spotify:track:6NMXueYXvUAKmDYISUehwy,סיגפו,"Beit Habubot, אמיר אטיאס",2258367,75,2024-10-03,hebrew_title,accepted,1,https://shironet.mako.co.il/artist?type=lyrics&lang=1&prfid=4169&wrkid=13102,סיגפו,בית הבובות,100.0,100.0,6NMXueYXvUAKmDYISUehwy.txt,529.0
spotify:track:6VYbnnpUYShqFn22MERtmP,המבט בעיניך,Agam Buhbut,2228551,20,2025-10-23,hebrew_title,accepted,1,https://shironet.mako.co.il/artist?type=lyrics&lang=1&prfid=15227&wrkid=64612,המבט בעיניך,אגם בוחבוט,100.0,100.0,6VYbnnpUYShqFn22MERtmP.txt,1117.0
spotify:track:0BIn5KNnPdnDZrLJ2qLXnp,תהיה בנאדם,מ',2225291,44,2025-08-28,hebrew_title,review,1,https://shironet.mako.co.il/artist?type=lyrics&lang=1&prfid=25876&wrkid=64532,תהיה בנאדם,מ המסתערב,100.0,18.2,,
spotify:track:1wvwnZRwqofa1YDTNyOm07,שכחתי מזמן,Eyal Golan,2201268,37,2024-04-18,hebrew_title,accepted,1,https://shironet.mako.co.il/artist?type=lyrics&lang=1&prfid=92&wrkid=60307,שכחתי מזמן,אייל גולן,100.0,94.1,1wvwnZRwqofa1YDTNyOm07.txt,574.0
spotify:track:7iepAdmAykL8gh7dYMzpsM,רולקס וקסקט,Eden Ben Zaken,2182418,1,2026-01-08,hebrew_title,accepted,1,https://shironet.mako.co.il/artist?type=lyrics&lang=1&prfid=16843&wrkid=65489,רולקס וקסקט,עדן בן זקן,100.0,100.0,7iepAdmAykL8gh7dYMzpsM.txt,1231.0
spotify:track:6NUzJGlQORUv6NjUwcefr8,עיר נמל,Eyal Golan,2166659,29,2023-10-12,hebrew_title,accepted,1,https://shironet.mako.co.il/artist?type=lyrics&lang=1&prfid=92&wrkid=57434,עיר נמל,אייל גולן,100.0,94.1,6NUzJGlQORUv6NjUwcefr8.txt,539.0
spotify:track:3idINUuyRidKbQiMFt6EkU,משוגעת,"Gal Adam, NOROZ",2163626,46,2023-10-12,hebrew_title,review,1,https://shironet.mako.co.il/artist?type=lyrics&lang=1&prfid=23330&wrkid=66428,משוגעת,שון בלו,100.0,33.3,,
spotify:track:5nhdL0kvFVnRLIuygOcfQ9,מחשבות,Yossi Shitrit,2154424,85,2023-10-12,hebrew_title,review,1,https://shironet.mako.co.il/artist?type=lyrics&lang=1&prfid=25314&wrkid=59641,מחשבות,דורי יער,100.0,50.0,,
spotify:track:4UXS0LHX5tZFOBzmbmXGQm,הימים עוברים,Avraham Tal,2103958,49,2025-04-17,hebrew_title,accepted,1,https://shironet.mako.co.il/artist?type=lyrics&lang=1&prfid=7335&wrkid=42651,הימים עוברים,אברהם טל,100.0,100.0,4UXS0LHX5tZFOBzmbmXGQm.txt,358.0
spotify:track:557CJdchRFIqWE0V5iUR8A,היא ברזילאית,"אדם זרו, Yair Lugasy",2072321,36,2025-06-12,hebrew_title,not_found,1,https://shironet.mako.co.il/artist?type=lyrics&lang=1&prfid=4546&wrkid=55206,ברזיל זה כאן,אליזט,66.7,40.0,,
spotify:track:4mRreSUqP7waa2jT5ul41T,יום חדש,Ravid Plotnik,2064771,84,2023-10-12,hebrew_title,accepted,1,https://shironet.mako.co.il/artist?type=lyrics&lang=1&prfid=17619&wrkid=57765,יום חדש,רביד פלוטניק,100.0,100.0,4mRreSUqP7waa2jT5ul41T.txt,1443.0
spotify:track:1zZ9bah4HU0TtICQzCFXp3,אין אותנו יותר (By Tamar Yahalomy & Yonatan Kalimi),"Avi Aburomi, Mor",2057520,27,2023-10-12,hebrew_title,accepted,1,https://shironet.mako.co.il/artist?type=lyrics&lang=1&prfid=24631&wrkid=57145,אין אותנו יותר,אבי אבורומי & מור,100.0,100.0,1zZ9bah4HU0TtICQzCFXp3.txt,834.0
spotify:track:2QUuLcqNlQUFOuMm4osKdN,38,Peer Tasi,2050043,86,2023-10-12,israeli_artist,not_found,1,https://shironet.mako.co.il/artist?type=lyrics&lang=1&prfid=7747&wrkid=63770,97 פרופיל,פאר טסי,0.0,100.0,,
spotify:track:6W6ssWo1mqA9bLTo47Alsz,צונאמי,"Jasmin Moallem, Mergui",2045109,36,2023-10-12,hebrew_title,accepted,1,https://shironet.mako.co.il/artist?type=lyrics&lang=1&prfid=21907&wrkid=57868,צונאמי,מרגי,100.0,100.0,6W6ssWo1mqA9bLTo47Alsz.txt,1252.0
spotify:track:7rNA5Jwu23g7PaXcMwfLdq,מדליקה לי הכל,Eden Hason,2029471,100,2023-10-12,hebrew_title,not_found,1,https://shironet.mako.co.il/artist?type=lyrics&lang=1&prfid=13834&wrkid=31438,לא נגמל ממך,עדן חסון,41.7,100.0,,
spotify:track:3yqs30JY1zriDdlN2di2gI,הדם שלי,"ששון איפרם שאולוב, Odeya",2014452,14,2024-01-25,hebrew_title,accepted,1,https://shironet.mako.co.il/artist?type=lyrics&lang=1&prfid=22151&wrkid=59613,הדם שלי,אודיה אזולאי,100.0,100.0,3yqs30JY1zriDdlN2di2gI.txt,587.0
spotify:track:7rU2eldvcR7Iwu07Z9A8w3,אם את כבר הולכת,נדב חנציס,2008227,3,2026-01-01,hebrew_title,accepted,1,https://shironet.mako.co.il/artist?type=lyrics&lang=1&prfid=26233&wrkid=63806,אם את כבר הולכת,נדב חנציס,100.0,100.0,7rU2eldvcR7Iwu07Z9A8w3.txt,1105.0
spotify:track:2FolAZmXbtYqnWALVQTb4B,הכול הכול לטובה,Odeya,1992869,9,2025-10-09,hebrew_title,not_found,1,https://shironet.mako.co.il/artist?type=lyrics&lang=1&prfid=15849&wrkid=36269,הכול זה לטובה,עוזיה צדוק,85.7,60.0,,
spotify:track:19kELxwM679QVY5NW7PWBp,הספר הכחול,Peer Tasi,1980651,43,2025-07-03,hebrew_title,accepted,1,https://shironet.mako.co.il/artist?type=lyrics&lang=1&prfid=7747&wrkid=63778,הספר הכחול,פאר טסי,100.0,100.0,19kELxwM679QVY5NW7PWBp.txt,1079.0
spotify:track:5K3fJmFEJZltzsH89Ggvn9,שאריות מעצמי,Shir Levi,1980444,79,2023-10-12,hebrew_title,accepted,1,https://shironet.mako.co.il/artist?type=lyrics&lang=1&prfid=4503&wrkid=37404,שאריות מעצמי,שיר לוי,100.0,100.0,5K3fJmFEJZltzsH89Ggvn9.txt,933.0
spotify:track:4bm2aZg3iiqMjO3MIiyhAo,נשימה,"Chen Aharoni, אסתי גינזבורג",1978265,85,2023-10-12,hebrew_title,accepted,1,https://shironet.mako.co.il/artist?type=lyrics&lang=1&prfid=13262&wrkid=26916,נשימה,אסתי גינזבורג,100.0,100.0,4bm2aZg3iiqMjO3MIiyhAo.txt,771.0
spotify:track:5liIuoKq6hJZOheB95eTCt,אגרוף,Eden Ben Zaken,1972360,53,2025-09-04,hebrew_title,review,1,https://shironet.mako.co.il/artist?type=lyrics&lang=1&prfid=17358&wrkid=39608,אגרוף,בת אל פאפורה,100.0,30.8,,
spotify:track:6RCxgLA7IVZjO5aPHEWNRC,אמן אמן אמן,Tuna,1965409,3,2025-06-05,hebrew_title,page_without_lyrics,1,https://shironet.mako.co.il/artist?type=lyrics&lang=1&prfid=16260&wrkid=63941,אמן אמן אמן,טונה,100.0,100.0,,
spotify:track:0qH6stYoiSWErrzIvkiN1W,שני משוגעים,Omer Adam,1960672,78,2023-11-16,hebrew_title,accepted,1,https://shironet.mako.co.il/artist?type=lyrics&lang=1&prfid=10755&wrkid=46899,שני משוגעים,עומר אדם,100.0,100.0,0qH6stYoiSWErrzIvkiN1W.txt,433.0
spotify:track:3piVfvEpcO5TXO1qn55NtX,סלינה,Peer Tasi,1959727,41,2024-05-30,hebrew_title,accepted,1,https://shironet.mako.co.il/artist?type=lyrics&lang=1&prfid=7747&wrkid=60589,סלינה,פאר טסי,100.0,100.0,3piVfvEpcO5TXO1qn55NtX.txt,858.0
spotify:track:5FQCwtsC3YanKJzpfkvnDt,שותפה שלי,Moshiko Mor,1939284,24,2024-08-22,hebrew_title,accepted,1,https://shironet.mako.co.il/artist?type=lyrics&lang=1&prfid=18377&wrkid=61187,שותפה שלי,מושיקו מור,100.0,100.0,5FQCwtsC3YanKJzpfkvnDt.txt,639.0
spotify:track:2tFX3wqEPyya8k2bS8pHqW,רוקנרול,Omer Adam,1938790,30,2024-11-14,hebrew_title,accepted,1,https://shironet.mako.co.il/artist?type=lyrics&lang=1&prfid=10755&wrkid=61967,רוקנרול,עומר אדם,100.0,100.0,2tFX3wqEPyya8k2bS8pHqW.txt,745.0
spotify:track:77KWLGuKJTk5OtE0mmQ7KT,רבות הדרכים,Daniel Salomon,1922046,77,2023-11-09,hebrew_title,accepted,1,https://shironet.mako.co.il/artist?type=lyrics&lang=1&prfid=4318&wrkid=13582,רבות הדרכים,דניאל סלומון ודנה עדיני,100.0,100.0,77KWLGuKJTk5OtE0mmQ7KT.txt,1071.0
spotify:track:4xNo1LgWSCyjgK4OsUnLWg,יוצאת מזה,Jasmin Moallem,1902338,26,2024-05-02,hebrew_title,accepted,1,https://shironet.mako.co.il/artist?type=lyrics&lang=1&prfid=22199&wrkid=60403,יוצאת מזה,יסמין מועלם,100.0,100.0,4xNo1LgWSCyjgK4OsUnLWg.txt,1188.0
spotify:track:5h1iCN4plP49Tv2uFHYfxF,כל מה שאני רוצה,Noa Kirel,1866736,6,2025-11-20,hebrew_title,accepted,1,https://shironet.mako.co.il/artist?type=lyrics&lang=1&prfid=18493&wrkid=64936,כל מה שאני רוצה,נועה קירל,100.0,100.0,5h1iCN4plP49Tv2uFHYfxF.txt,1064.0
spotify:track:05fmjmDag1xjIcIxuissuG,מחכה,Rita,1864741,60,2023-10-19,hebrew_title,not_found,1,https://shironet.mako.co.il/artist?type=lyrics&lang=1&prfid=6264&wrkid=65344,מחכה לנס,מרינה מקסימיליאן בלומין,72.7,75.0,,
spotify:track:24h6QuRnJokfyZy997eSH8,לא כואב לי,Osher Cohen,1830434,39,2025-08-07,hebrew_title,accepted,1,https://shironet.mako.co.il/artist?type=lyrics&lang=1&prfid=16196&wrkid=64262,לא כואב לי,אושר כהן,100.0,100.0,24h6QuRnJokfyZy997eSH8.txt,1189.0
spotify:track:6ubV4TOnHggG27ygsPxjvR,אקורדים בלילות,Osher Cohen,1826978,71,2023-10-12,hebrew_title,accepted,1,https://shironet.mako.co.il/artist?type=lyrics&lang=1&prfid=16196&wrkid=57338,אקורדים בלילות,אושר כהן,100.0,100.0,6ubV4TOnHggG27ygsPxjvR.txt,1326.0
spotify:track:1f6O2TPzZQhW1Ky2iGYb5X,מולדת,Hanan Ben Ari,1823791,18,2023-10-19,hebrew_title,accepted,1,https://shironet.mako.co.il/artist?type=lyrics&lang=1&prfid=17593&wrkid=59177,מולדת,חנן בן ארי,100.0,100.0,1f6O2TPzZQhW1Ky2iGYb5X.txt,605.0
spotify:track:7ehTx8Gyz3zqUijBKxrHhI,קשר מסוכן,"Rinat Bar, Agam Buhbut",1810343,65,2025-07-10,hebrew_title,accepted,1,https://shironet.mako.co.il/artist?type=lyrics&lang=1&prfid=1387&wrkid=63757,קשר מסוכן,רינת בר,100.0,100.0,7ehTx8Gyz3zqUijBKxrHhI.txt,935.0
spotify:track:7Ck421SAROdN0Q6RXMbic7,הלב שלי,Ishay Ribo,1808698,73,2023-10-12,hebrew_title,accepted,1,https://shironet.mako.co.il/artist?type=lyrics&lang=1&prfid=14733&wrkid=48559,הלב שלי,ישי ריבו,100.0,100.0,7Ck421SAROdN0Q6RXMbic7.txt,1087.0
spotify:track:5gOFp28Edmv4nk8HIwnQfe,מי את היום בלעדיי,Yonatan Kalimi,1767377,44,2023-10-12,hebrew_title,accepted,1,https://shironet.mako.co.il/artist?type=lyrics&lang=1&prfid=19644&wrkid=56904,מי את היום בלעדיי,יונתן קלימי,100.0,100.0,5gOFp28Edmv4nk8HIwnQfe.txt,744.0
spotify:track:2ya0JtcbcMT35tsDUTuLQx,אישה מהשמיים,Gilad Segev,1720892,85,2024-06-27,hebrew_title,accepted,1,https://shironet.mako.co.il/artist?type=lyrics&lang=1&prfid=1535&wrkid=23937,אישה מהשמיים,גלעד שגב,100.0,100.0,2ya0JtcbcMT35tsDUTuLQx.txt,481.0
spotify:track:4b5dVRUzTCy0ngxobUX2DG,חורף בחלון,Peer Tasi,1720251,99,2024-08-22,hebrew_title,accepted,1,https://shironet.mako.co.il/artist?type=lyrics&lang=1&prfid=7747&wrkid=53297,חורף בחלון,פאר טסי,100.0,100.0,4b5dVRUzTCy0ngxobUX2DG.txt,536.0
spotify:track:4ZGe1hugAeejCOd7TWGiz0,אף פעם לא לבד,Inbal Bibi,1716004,34,2023-10-12,hebrew_title,accepted,1,https://shironet.mako.co.il/artist?type=lyrics&lang=1&prfid=18953&wrkid=58259,אף פעם לא לבד,ענבל ביבי,100.0,100.0,4ZGe1hugAeejCOd7TWGiz0.txt,840.0
spotify:track:07Ee2kh7vMtMwZ39G4LbKX,אוצר שלי,Osher Cohen,1697321,24,2025-02-13,hebrew_title,accepted,1,https://shironet.mako.co.il/artist?type=lyrics&lang=1&prfid=16196&wrkid=62638,אוצר שלי,אושר כהן,100.0,100.0,07Ee2kh7vMtMwZ39G4LbKX.txt,1125.0
spotify:track:4JSUFLR3Uo7FPCfNDRxIrx,ברחובות של תל אביב,Eden Ben Zaken,1695898,96,2025-08-21,hebrew_title,review,1,https://shironet.mako.co.il/artist?type=lyrics&lang=1&prfid=17720&wrkid=57997,ברחובות של תל אביב,בן מצמבר,100.0,46.2,,
spotify:track:6DNfX5wKJklQeVVfqKZASC,עוד יום,Full Trunk,1679395,108,2023-11-16,hebrew_title,accepted,1,https://shironet.mako.co.il/artist?type=lyrics&lang=1&prfid=19507&wrkid=50541,עוד יום,Full Trunk,100.0,100.0,6DNfX5wKJklQeVVfqKZASC.txt,1199.0
spotify:track:6p6G6vCCnEpzCkl5EyBWMS,כל החלומות שלי,Mor,1661675,51,2025-07-17,hebrew_title,accepted,1,https://shironet.mako.co.il/artist?type=lyrics&lang=1&prfid=24014&wrkid=63909,כל החלומות שלי,מור רביעי,100.0,100.0,6p6G6vCCnEpzCkl5EyBWMS.txt,557.0
spotify:track:1FyfEuRtAFpuItWcuouxkV,צעדים,Akiva,1659619,49,2023-10-12,hebrew_title,accepted,1,https://shironet.mako.co.il/artist?type=lyrics&lang=1&prfid=21053&wrkid=60751,צעדים,עקיבא תורגמן,100.0,100.0,1FyfEuRtAFpuItWcuouxkV.txt,483.0
spotify:track:6gDb8gPgdv49sJJ0VpqEMp,חייזרית,Peer Tasi,1658910,54,2024-05-30,hebrew_title,accepted,1,https://shironet.mako.co.il/artist?type=lyrics&lang=1&prfid=7747&wrkid=60581,חייזרית,פאר טסי,100.0,100.0,6gDb8gPgdv49sJJ0VpqEMp.txt,668.0
spotify:track:3MB1afOMzspYZUHF5cB0dq,אין מספיק זמן,Yoshi,1650272,106,2023-11-09,hebrew_title,accepted,1,https://shironet.mako.co.il/artist?type=lyrics&lang=1&prfid=22280&wrkid=51629,אין מספיק זמן,יושי,100.0,100.0,3MB1afOMzspYZUHF5cB0dq.txt,266.0
spotify:track:2liUMhNvpAxRNVAGnz8jNJ,אפס מאמץ,"Static & Ben El, Netta",1643496,95,2024-03-28,hebrew_title,accepted,1,https://shironet.mako.co.il/artist?type=lyrics&lang=1&prfid=20439&wrkid=52056,אפס מאמץ,סטטיק ובן אל,100.0,100.0,2liUMhNvpAxRNVAGnz8jNJ.txt,1034.0
spotify:track:1ShwMcHgAEuUFnY5T0EYjQ,Hikiti Leha,Rinat Bar,1633001,73,2025-05-08,israeli_artist,not_found,1,https://shironet.mako.co.il/artist?type=lyrics&lang=1&prfid=1387&wrkid=62547,קר לי,רינת בר,12.5,100.0,,
spotify:track:7ea31KGrIuCRvHF31ir6GD,לזאת שניצחה,Eden Ben Zaken,1629415,75,2025-07-31,hebrew_title,accepted,1,https://shironet.mako.co.il/artist?type=lyrics&lang=1&prfid=16843&wrkid=45085,לזאת שניצחה,עדן בן זקן,100.0,100.0,7ea31KGrIuCRvHF31ir6GD.txt,1010.0
spotify:track:5KeQdbv5GbeCAN6oXCoCnh,שבע שנים,Peer Tasi,1628759,33,2025-07-03,hebrew_title,accepted,1,https://shironet.mako.co.il/artist?type=lyrics&lang=1&prfid=7747&wrkid=63771,שבע שנים,פאר טסי,100.0,100.0,5KeQdbv5GbeCAN6oXCoCnh.txt,645.0
spotify:track:0S0lWP18AryHmMcQaHOngD,פינו נואר,Omer Adam,1603718,25,2024-11-14,hebrew_title,accepted,1,https://shironet.mako.co.il/artist?type=lyrics&lang=1&prfid=10755&wrkid=61963,פינו נואר,עומר אדם,100.0,100.0,0S0lWP18AryHmMcQaHOngD.txt,763.0
spotify:track:0tz3QCsEBQDsXGqden3NEI,עיר נמל,Eyal Golan,1581444,63,2024-04-18,hebrew_title,accepted,1,https://shironet.mako.co.il/artist?type=lyrics&lang=1&prfid=92&wrkid=57434,עיר נמל,אייל גולן,100.0,94.1,0tz3QCsEBQDsXGqden3NEI.txt,539.0
spotify:track:0JoYMP7hvEwxKCjj9szUo6,טיל פצמר,LIAD MEIR,1567981,13,2023-10-12,hebrew_title,not_found,1,https://shironet.mako.co.il/artist?type=lyrics&lang=1&prfid=24768&wrkid=57674,פלואו של טמבל,ליעד מאיר,38.1,100.0,,
spotify:track:6OXv4CrNp3DFRj6Cu1GojJ,מתי את חוזרת,Eyal Golan,1551635,42,2023-10-12,hebrew_title,accepted,1,https://shironet.mako.co.il/artist?type=lyrics&lang=1&prfid=92&wrkid=57439,מתי את חוזרת,אייל גולן,100.0,94.1,6OXv4CrNp3DFRj6Cu1GojJ.txt,1088.0
spotify:track:3sehBAUnI9J14iGW2KOEdk,רחוב המשבר,Peer Tasi,1538398,48,2025-07-03,hebrew_title,accepted,1,https://shironet.mako.co.il/artist?type=lyrics&lang=1&prfid=7747&wrkid=63775,רחוב המשבר,פאר טסי,100.0,100.0,3sehBAUnI9J14iGW2KOEdk.txt,885.0
spotify:track:3Nkgj2fda76qTOJFXP9h48,קווקז,Omer Adam,1516219,17,2025-06-12,hebrew_title,accepted,1,https://shironet.mako.co.il/artist?type=lyrics&lang=1&prfid=10755&wrkid=63745,קווקז,עומר אדם,100.0,100.0,3Nkgj2fda76qTOJFXP9h48.txt,1061.0
spotify:track:1dH0PtefI2rKwTLfXxZSyE,היא לא יודעת מה עובר עליי,Shlomo Artzi,1511833,105,2025-04-17,hebrew_title,accepted,1,https://shironet.mako.co.il/artist?type=lyrics&lang=1&prfid=975&wrkid=1061,היא לא יודעת מה עובר עליי,שלמה ארצי,100.0,100.0,1dH0PtefI2rKwTLfXxZSyE.txt,878.0
spotify:track:5OQrgklT1x9uOr2ee5hlHB,משקפיים,"Noa Kirel, Itay Galo",1510318,23,2024-06-20,hebrew_title,accepted,1,https://shironet.mako.co.il/artist?type=lyrics&lang=1&prfid=18493&wrkid=60709,משקפיים,נועה קירל,100.0,100.0,5OQrgklT1x9uOr2ee5hlHB.txt,881.0
spotify:track:3coSv6fcKv2JFWXfgT6q0e,הרבה ממך נשאר,Liran Danino,1504717,41,2024-09-26,hebrew_title,accepted,1,https://shironet.mako.co.il/artist?type=lyrics&lang=1&prfid=10743&wrkid=37620,הרבה ממך נשאר,לירן דנינו,100.0,100.0,3coSv6fcKv2JFWXfgT6q0e.txt,712.0
spotify:track:0SmY5bTuls1ccput6QhHSA,"אני אוהב, אני מכור, אני שרוף",Adir Getz,1501697,103,2023-10-12,hebrew_title,not_found,1,https://shironet.mako.co.il/artist?type=lyrics&lang=1&prfid=24638&wrkid=66414,אוהב או שונא,ליאם גולן,51.6,46.2,,
spotify:track:1hPyp13B8rWWxAduMcPsdM,אהבת אותי,"Tuna, Ravid Plotnik",1459514,13,2025-06-05,hebrew_title,review,1,https://shironet.mako.co.il/artist?type=lyrics&lang=1&prfid=686&wrkid=67,אהבת אותי,משינה,100.0,66.7,,
spotify:track:24i0QJz5U8OoXWyIPLXWzF,נועצת מבט,Omer Adam,1446411,101,2024-04-18,hebrew_title,accepted,1,https://shironet.mako.co.il/artist?type=lyrics&lang=1&prfid=10755&wrkid=37338,נועצת מבט,עומר אדם,100.0,100.0,24i0QJz5U8OoXWyIPLXWzF.txt,795.0
spotify:track:0KING5MxpAvRENMUzhkBtc,מפת העולם,Peer Tasi,1440524,54,2024-05-30,hebrew_title,accepted,1,https://shironet.mako.co.il/artist?type=lyrics&lang=1&prfid=7747&wrkid=60585,מפת העולם,פאר טסי,100.0,100.0,0KING5MxpAvRENMUzhkBtc.txt,764.0
spotify:track:5sUTab2UduAG5tZSjrFsaN,פזמון אחר,Eyal Golan,1416128,61,2024-04-18,hebrew_title,accepted,1,https://shironet.mako.co.il/artist?type=lyrics&lang=1&prfid=92&wrkid=60295,פזמון אחר,אייל גולן,100.0,94.1,5sUTab2UduAG5tZSjrFsaN.txt,476.0
spotify:track:1rmxF8VNLZ2gXwwzqGJ9tJ,שושנים עצובות (ישראל בידור),"Eden Hason, Jasmin Moallem, Israel Bidur",1396128,31,2023-10-12,hebrew_title,accepted,1,https://shironet.mako.co.il/artist?type=lyrics&lang=1&prfid=13834&wrkid=51696,שושנים עצובות,עדן חסון,100.0,100.0,1rmxF8VNLZ2gXwwzqGJ9tJ.txt,457.0
spotify:track:4WbQaxKI0R0SmWNZvgUDNz,בוקר טוב חיים שלי,Ravid Plotnik,1388427,13,2025-01-16,hebrew_title,accepted,1,https://shironet.mako.co.il/artist?type=lyrics&lang=1&prfid=17619&wrkid=62414,בוקר טוב חיים שלי,רביד פלוטניק,100.0,100.0,4WbQaxKI0R0SmWNZvgUDNz.txt,1883.0
spotify:track:51BtwvurK2ZCtRHhuXC3AR,ילד מסוכן,Eden Ben Zaken,1385323,91,2025-05-08,hebrew_title,not_found,1,https://shironet.mako.co.il/artist?type=lyrics&lang=1&prfid=16843&wrkid=58010,ילדת רחוב,עדן בן זקן,55.6,100.0,,
spotify:track:6YEcDPO0mxYoUOZx5cZleT,מדע בדיוני,Eyal Golan,1382105,24,2025-11-13,hebrew_title,accepted,1,https://shironet.mako.co.il/artist?type=lyrics&lang=1&prfid=92&wrkid=64880,מדע בדיוני,אייל גולן,100.0,94.1,6YEcDPO0mxYoUOZx5cZleT.txt,571.0
spotify:track:2h0SQB1VZGRwL5LmEbrurC,אם הייתי צריכה,Odeya,1346804,82,2023-11-16,hebrew_title,accepted,1,https://shironet.mako.co.il/artist?type=lyrics&lang=1&prfid=22151&wrkid=52613,אם הייתי צריכה,אודיה אזולאי,100.0,100.0,2h0SQB1VZGRwL5LmEbrurC.txt,1103.0
spotify:track:5fFNw4YX4N8sR1CFzbPTDW,דבש ותפוח,Tomer Yosef,1342622,125,2023-11-02,hebrew_title,accepted,1,https://shironet.mako.co.il/artist?type=lyrics&lang=1&prfid=2749&wrkid=49850,דבש ותפוח,"שירים שנכתבו ע""י תומר יוסף",100.0,100.0,5fFNw4YX4N8sR1CFzbPTDW.txt,890.0
spotify:track:4wynpm7WtwueimncaeNp6I,לאבא שלי יש סולם,"ותן חלקנו, Amir Benayoun, ששון איפרם שאולוב",1342107,43,2024-11-07,hebrew_title,accepted,1,https://shironet.mako.co.il/artist?type=lyrics&lang=1&prfid=25152&wrkid=61923,לאבא שלי יש סולם,ששון שאולוב,100.0,100.0,4wynpm7WtwueimncaeNp6I.txt,796.0
spotify:track:1sWQxzPFWCtOBvqww2YFex,מה שלא הספקתי לומר,"Elai Botner, Ran Danker, Sivan Talmor",1338332,68,2024-12-05,hebrew_title,accepted,1,https://shironet.mako.co.il/artist?type=lyrics&lang=1&prfid=4123&wrkid=19764,מה שלא הספקתי לומר,רן דנקר,100.0,100.0,1sWQxzPFWCtOBvqww2YFex.txt,378.0
spotify:track:7n6emXIcaECmkljP1rPlvQ,לבחור נכון,Amir Dadon,1322198,131,2023-10-19,hebrew_title,accepted,1,https://shironet.mako.co.il/artist?type=lyrics&lang=1&prfid=2349&wrkid=46874,לבחור נכון,אמיר דדון,100.0,100.0,7n6emXIcaECmkljP1rPlvQ.txt,617.0
spotify:track:4uL9uKOOrtjuAoXLaeDyoa,דרבק,Moni,1322011,59,2024-06-13,hebrew_title,not_found,1,https://shironet.mako.co.il/artist?type=lyrics&lang=1&prfid=1015&wrkid=30158,אינתה אל רמז,שרית חדד,14.3,28.6,,
spotify:track:62mUBE16kUWGR3eiiXiqvU,שיר אהבה אינדיאני (מיגל),Alma Zohar,1315001,76,2025-10-09,hebrew_title,accepted,1,https://shironet.mako.co.il/artist?type=lyrics&lang=1&prfid=10339&wrkid=21685,שיר אהבה אינדיאני,עלמה זהר,100.0,100.0,62mUBE16kUWGR3eiiXiqvU.txt,1464.0
spotify:track:57BFhpG4Iq4Zgnoz2X6zbT,חמישי שישי,"Osher Cohen, Nadav Navi Aharoni",1283859,90,2023-10-12,hebrew_title,accepted,1,https://shironet.mako.co.il/artist?type=lyrics&lang=1&prfid=16196&wrkid=55167,חמישי שישי,אושר כהן,100.0,100.0,57BFhpG4Iq4Zgnoz2X6zbT.txt,732.0
spotify:track:1UqARS50UENashmHmp7gmQ,חלליות,Berry Sakharof,1279962,100,2025-04-10,hebrew_title,accepted,1,https://shironet.mako.co.il/artist?type=lyrics&lang=1&prfid=202&wrkid=1460,חלליות,ברי סחרוף,100.0,100.0,1UqARS50UENashmHmp7gmQ.txt,414.0
spotify:track:10pnfojlZf9nHvKngPHB7k,אוהבת לא אוהבת,Omer Adam,1274884,32,2024-11-14,hebrew_title,accepted,1,https://shironet.mako.co.il/artist?type=lyrics&lang=1&prfid=10755&wrkid=61966,אוהבת לא אוהבת,עומר אדם,100.0,100.0,10pnfojlZf9nHvKngPHB7k.txt,721.0
spotify:track:1FbTqrNXhdbrqyCfwQQ4yb,אהובי,Mor,1267326,32,2025-11-13,hebrew_title,accepted,1,https://shironet.mako.co.il/artist?type=lyrics&lang=1&prfid=24014&wrkid=65068,אהובי,מור רביעי,100.0,100.0,1FbTqrNXhdbrqyCfwQQ4yb.txt,1041.0
spotify:track:5UEnnrjmKyyReW8OY8FuvN,ללכת,Liran Danino,1266142,98,2023-10-26,hebrew_title,not_found,1,https://shironet.mako.co.il/artist?type=lyrics&lang=1&prfid=10743&wrkid=63717,ליד הדלת,לירן דנינו,54.5,100.0,,
spotify:track:3g0GHCbp0NJsbjNn812PZt,לא מבין,Osher Cohen,1251936,55,2025-08-07,hebrew_title,accepted,1,https://shironet.mako.co.il/artist?type=lyrics&lang=1&prfid=16196&wrkid=64265,לא מבין,אושר כהן,100.0,100.0,3g0GHCbp0NJsbjNn812PZt.txt,1778.0
spotify:track:7a8B2vmOcJ6btFlBGl2IX9,ואז את תראי,"Doli & Penn, Dikla, Idan Rafael Haviv, Mark Eliyahu",1221630,104,2023-10-19,hebrew_title,not_found,1,https://shironet.mako.co.il/artist?type=lyrics&lang=1&prfid=8853&wrkid=37447,אם אני בא,עידן חביב,50.0,100.0,,
spotify:track:1iqFD52dqVgLGJq74we3RW,אמן על הילדים,Hanan Ben Ari,1200658,72,2023-10-12,hebrew_title,accepted,1,https://shironet.mako.co.il/artist?type=lyrics&lang=1&prfid=17593&wrkid=51154,אמֵן על הילדים,חנן בן ארי,100.0,100.0,1iqFD52dqVgLGJq74we3RW.txt,1110.0
spotify:track:6sQma97yWUaVkSwsuZPJ3K,בואי לא,Vibe Ish,1188943,115,2025-05-08,hebrew_title,not_found,1,https://shironet.mako.co.il/artist?type=lyrics&lang=1&prfid=25200&wrkid=59992,חשבתי עלייך,וייב איש,44.4,100.0,,
spotify:track:4N9Rl0PvEgfpRluDotwDL9,הטוב הרע ועודיה,"Odeya, E-Z, LIAD MEIR",1175127,55,2025-01-16,hebrew_title,accepted,1,https://shironet.mako.co.il/artist?type=lyrics&lang=1&prfid=24768&wrkid=61568,הטוב הרע ועודיה,ליעד מאיר,100.0,100.0,4N9Rl0PvEgfpRluDotwDL9.txt,2395.0
spotify:track:02hXZxgl6XwtAdK9y2sb6B,כפיות,Eden Hason,1169370,44,2023-10-12,hebrew_title,not_found,1,https://shironet.mako.co.il/artist?type=lyrics&lang=1&prfid=13834&wrkid=51808,על כפיו יביא,עדן חסון,53.3,100.0,,
spotify:track:7rdPtMBZmQpSBraOq8ppuI,למה את?,ילד.,1168307,6,2024-04-25,hebrew_title,accepted,1,https://shironet.mako.co.il/artist?type=lyrics&lang=1&prfid=24640&wrkid=60780,למה את?,ילד,100.0,100.0,7rdPtMBZmQpSBraOq8ppuI.txt,1590.0
spotify:track:5Cf7f7XD97PYEUWEEb7mcQ,חוץ מכדורגל,Hanan Ben Ari,1164965,63,2023-10-12,hebrew_title,accepted,1,https://shironet.mako.co.il/artist?type=lyrics&lang=1&prfid=17593&wrkid=58126,חוץ מכדורגל,חנן בן ארי,100.0,100.0,5Cf7f7XD97PYEUWEEb7mcQ.txt,1260.0
spotify:track:2LjK33xiNA8BA4U1ndj2bO,לבד במדבר,Jasmin Moallem,1150574,89,2023-10-12,hebrew_title,accepted,1,https://shironet.mako.co.il/artist?type=lyrics&lang=1&prfid=22199&wrkid=57870,לבד במדבר,יסמין מועלם,100.0,100.0,2LjK33xiNA8BA4U1ndj2bO.txt,790.0
spotify:track:6ooAcKlKU2NyLJbwKTK3LX,נתראה בגלגול הבא,ששון איפרם שאולוב,1139077,66,2024-08-15,hebrew_title,accepted,1,https://shironet.mako.co.il/artist?type=lyrics&lang=1&prfid=25152&wrkid=59174,נתראה בגלגול הבא,ששון שאולוב,100.0,100.0,6ooAcKlKU2NyLJbwKTK3LX.txt,481.0
spotify:track:20Fj4u4L2vl0vPn7lAHWKZ,הבת של המלך,"Ben Zur, יאיר אלייצור",1107842,120,2025-04-17,hebrew_title,accepted,1,https://shironet.mako.co.il/artist?type=lyrics&lang=1&prfid=22973&wrkid=63633,הבת של המלך,בן צור,100.0,100.0,20Fj4u4L2vl0vPn7lAHWKZ.txt,911.0
spotify:track:16NPQQxjcSfhb0UFaUVw5s,אז מה עכשיו,Eden Hason,1101779,37,2023-10-12,hebrew_title,accepted,1,https://shironet.mako.co.il/artist?type=lyrics&lang=1&prfid=13834&wrkid=57670,אז מה עכשיו,עדן חסון,100.0,100.0,16NPQQxjcSfhb0UFaUVw5s.txt,678.0
spotify:track:7uLwV2wvLaFKocHlBaCE3v,שהשם ישמור עלייך,Ben Zur,1080616,38,2025-10-23,hebrew_title,accepted,1,https://shironet.mako.co.il/artist?type=lyrics&lang=1&prfid=24458&wrkid=64601,שהשם ישמור עלייך,"שירים שנכתבו ע""י בן ציון חיים צור",100.0,100.0,7uLwV2wvLaFKocHlBaCE3v.txt,1080.0
spotify:track:2N7QzR3apiElswYtxm1Jsu,סיפור ישן,"Omer Adam, Liran Danino",1079224,83,2024-09-19,hebrew_title,accepted,1,https://shironet.mako.co.il/artist?type=lyrics&lang=1&prfid=10743&wrkid=45100,סיפור ישן,לירן דנינו,100.0,100.0,2N7QzR3apiElswYtxm1Jsu.txt,982.0
spotify:track:1VeqBhB0o8LLmSjIVRHlMV,ואיך שלא,Ariel Zilber,1073791,49,2023-10-19,hebrew_title,accepted,1,https://shironet.mako.co.il/artist?type=lyrics&lang=1&prfid=162&wrkid=1299,ואיך שלא,אריאל זילבר,100.0,100.0,1VeqBhB0o8LLmSjIVRHlMV.txt,568.0
spotify:track:4YboX8Ua3NErCD3ActvWM9,נזכרה בי,Peer Tasi,1062681,76,2024-05-30,hebrew_title,accepted,1,https://shironet.mako.co.il/artist?type=lyrics&lang=1&prfid=7747&wrkid=60584,נזכרה בי,פאר טסי,100.0,100.0,4YboX8Ua3NErCD3ActvWM9.txt,868.0
spotify:track:7tPq06JPk6t0Kk9ptZ6Cia,סגול בהיר,Mergui,1055744,91,2023-10-12,hebrew_title,accepted,1,https://shironet.mako.co.il/artist?type=lyrics&lang=1&prfid=21907&wrkid=54152,סגול בהיר,מרגי,100.0,100.0,7tPq06JPk6t0Kk9ptZ6Cia.txt,798.0
spotify:track:3kgOZqPw2xurllVbuNxg8E,נשמה שלי את,אבירם עמר,1047342,68,2024-02-15,hebrew_title,review,1,https://shironet.mako.co.il/artist?type=lyrics&lang=1&prfid=21453&wrkid=48538,את הנשמה שלי,בריו,95.7,57.1,,
spotify:track:0c9Sq3RDqb8sd6N9B8yM4v,סולמות ונחשים,Omer Adam,1035664,38,2024-11-14,hebrew_title,accepted,1,https://shironet.mako.co.il/artist?type=lyrics&lang=1&prfid=10755&wrkid=61970,סולמות ונחשים,עומר אדם,100.0,100.0,0c9Sq3RDqb8sd6N9B8yM4v.txt,888.0
spotify:track:2gwiDHH38cpSXuMU6Iu53d,בנות כמוני לא בוכות,Noa Kirel,1034485,40,2024-04-11,hebrew_title,accepted,1,https://shironet.mako.co.il/artist?type=lyrics&lang=1&prfid=18493&wrkid=60230,בנות כמוני לא בוכות,נועה קירל,100.0,100.0,2gwiDHH38cpSXuMU6Iu53d.txt,821.0
spotify:track:50Or7niXp29xwKc8F9pLQA,לונדון דובאי,Kapelyo,1034451,62,2025-04-17,hebrew_title,not_found,1,https://shironet.mako.co.il/artist?type=lyrics&lang=1&prfid=17094&wrkid=40835,"מותק, תקנה את העולם!",פולינה,33.3,0.0,,
spotify:track:093NpjRdVPM0zE1GlT4gNo,אם את חייבת/אינטרו,Vibe Ish,1026907,50,2024-08-01,hebrew_title,review,2,https://shironet.mako.co.il/artist?type=lyrics&lang=1&prfid=25200&wrkid=59990 | https://shironet.mako.co.il/artist?type=lyrics&lang=1&prfid=17460&wrkid=39738,אם את חייבת | אינטרו,וייב איש | בני אסתרקין,100.0,50.0,,
spotify:track:4a4rCXdHtT55j6IlpZksW5,הכוכבים דולקים על אש קטנה,Mashina,1020589,153,2024-10-24,hebrew_title,accepted,1,https://shironet.mako.co.il/artist?type=lyrics&lang=1&prfid=686&wrkid=1105,הכוכבים דולקים על אש קטנה,משינה,100.0,100.0,4a4rCXdHtT55j6IlpZksW5.txt,585.0
spotify:track:09cFhCmE7LgCOjTcB8Rn6H,Welcome to Ya Hood,"Tamir Bar, שם טוב האבי, Berry Sakharof, Noga Erez, ROUSSO",1015630,19,2025-11-13,israeli_artist,not_found,1,https://shironet.mako.co.il/artist?type=lyrics&lang=1&prfid=202&wrkid=64789,Circumstance,ברי סחרוף,29.6,100.0,,
spotify:track:2uZgji0m6WVPMkv1Hykf16,אל תענה,"Tamir Bar, שם טוב האבי, LIAD MEIR",1013311,29,2025-11-13,hebrew_title,not_found,1,https://shironet.mako.co.il/artist?type=lyrics&lang=1&prfid=383&wrkid=39198,אל תענה לי,חוה אלברשטיין,85.7,45.5,,
spotify:track:6xNj25flDz9a3lhDIfxOCh,קריוקי פסנתר בסלון,Odeya,1003737,78,2024-09-19,hebrew_title,accepted,1,https://shironet.mako.co.il/artist?type=lyrics&lang=1&prfid=22151&wrkid=61565,קריוקי פסנתר בסלון,אודיה אזולאי,100.0,100.0,6xNj25flDz9a3lhDIfxOCh.txt,1360.0
spotify:track:4UwIpBcx4wfMRzh2bPZKVo,צעדים,Akiva,998299,143,2024-06-20,hebrew_title,accepted,1,https://shironet.mako.co.il/artist?type=lyrics&lang=1&prfid=21053&wrkid=60751,צעדים,עקיבא תורגמן,100.0,100.0,4UwIpBcx4wfMRzh2bPZKVo.txt,483.0
spotify:track:28tCQKMuSmbrGKgBVwDON0,אם מחר אני מת,Liran Danino,997090,57,2024-01-25,hebrew_title,accepted,1,https://shironet.mako.co.il/artist?type=lyrics&lang=1&prfid=10743&wrkid=59577,אם מחר אני מת,לירן דנינו,100.0,100.0,28tCQKMuSmbrGKgBVwDON0.txt,852.0
spotify:track:53zYxeOdw40Ej3BGeuNNov,עוד חוזר הניגון,Berry Sakharof,984375,112,2025-05-01,hebrew_title,accepted,1,https://shironet.mako.co.il/artist?type=lyrics&lang=1&prfid=202&wrkid=2473,עוד חוזר הניגון,ברי סחרוף,100.0,100.0,53zYxeOdw40Ej3BGeuNNov.txt,297.0
spotify:track:5CCxCzPB3HMh595Y1MNIm5,סחרחורת,Tuna,980931,149,2023-10-19,hebrew_title,accepted,1,https://shironet.mako.co.il/artist?type=lyrics&lang=1&prfid=16260&wrkid=58000,סחרחורת,טונה,100.0,100.0,5CCxCzPB3HMh595Y1MNIm5.txt,1559.0
spotify:track:5UEER4Qa0x3yp1TViJSTa7,עומד בשער,Amir Benayoun,977463,104,2025-05-22,hebrew_title,accepted,1,https://shironet.mako.co.il/artist?type=lyrics&lang=1&prfid=802&wrkid=21141,עומד בשער,עמיר בניון,100.0,100.0,5UEER4Qa0x3yp1TViJSTa7.txt,720.0
spotify:track:4rQOpu34WFMZFGaoHcO8d0,אני לא מפסיק להתרגש ממך,Danny Robas,973488,74,2024-11-07,hebrew_title,accepted,1,https://shironet.mako.co.il/artist?type=lyrics&lang=1&prfid=316&wrkid=35064,אני לא מפסיק להתרגש ממך,דני רובס,100.0,100.0,4rQOpu34WFMZFGaoHcO8d0.txt,787.0
spotify:track:7Jh8Ar4buQNTT3s3iHJjkj,היה מדבר,Tuna,972431,17,2025-06-05,hebrew_title,review,1,https://shironet.mako.co.il/artist?type=lyrics&lang=1&prfid=4847&wrkid=63974,היה מדבר,איתי זבולון,100.0,33.3,,
spotify:track:4GmQBXKgDqPpUQXXxp1ceH,מתי את חוזרת,Eyal Golan,967101,71,2024-04-18,hebrew_title,accepted,1,https://shironet.mako.co.il/artist?type=lyrics&lang=1&prfid=92&wrkid=57439,מתי את חוזרת,אייל גולן,100.0,94.1,4GmQBXKgDqPpUQXXxp1ceH.txt,1088.0
spotify:track:2A9yj46qweEVrsvnvntEa5,רק אל תלכי,Zikney Tzfat,965215,122,2024-04-11,hebrew_title,accepted,1,https://shironet.mako.co.il/artist?type=lyrics&lang=1&prfid=380&wrkid=2860,רק אל תלכי,זקני צפת,100.0,100.0,2A9yj46qweEVrsvnvntEa5.txt,292.0
spotify:track:31HDrKLG70d8SY6UU4sl9l,עם ישראל חי,Eyal Golan,940804,53,2024-04-18,hebrew_title,accepted,1,https://shironet.mako.co.il/artist?type=lyrics&lang=1&prfid=92&wrkid=59179,עם ישראל חי,אייל גולן,100.0,94.1,31HDrKLG70d8SY6UU4sl9l.txt,655.0
spotify:track:318nfosyorMlmjZq1m1Uh4,כשיגמר לכם הקיץ,ששון איפרם שאולוב,938501,76,2024-08-15,hebrew_title,accepted,1,https://shironet.mako.co.il/artist?type=lyrics&lang=1&prfid=24321&wrkid=58952,כשיגמר לכם הקיץ,ששון איפרם שאולוב,100.0,100.0,318nfosyorMlmjZq1m1Uh4.txt,859.0
spotify:track:5xrZpr1va5sIWMb5ndfgQP,ילדים כאלה,Eden Hason,929032,109,2023-10-19,hebrew_title,not_found,1,https://shironet.mako.co.il/artist?type=lyrics&lang=1&prfid=13834&wrkid=51808,על כפיו יביא,עדן חסון,45.5,100.0,,
spotify:track:15leAeXFh1WX1QOxp1LnOS,עוד אוהבת אותך,Agam Buhbut,926617,42,2025-01-16,hebrew_title,accepted,1,https://shironet.mako.co.il/artist?type=lyrics&lang=1&prfid=15227&wrkid=62372,עוד אוהבת אותך,אגם בוחבוט,100.0,100.0,15leAeXFh1WX1QOxp1LnOS.txt,785.0
spotify:track:3mITeXQ9Dt7M6nTutuNtsx,תרקוד לנצח,"Omer Adam, Infected Mushroom",920009,13,2023-11-02,hebrew_title,accepted,1,https://shironet.mako.co.il/artist?type=lyrics&lang=1&prfid=10755&wrkid=59194,תרקוד לנצח,עומר אדם,100.0,100.0,3mITeXQ9Dt7M6nTutuNtsx.txt,882.0
spotify:track:2tVQnp6k62bMTsWQJYvQXz,עוד לא נגמר,Osher Cohen,913783,34,2024-07-25,hebrew_title,accepted,1,https://shironet.mako.co.il/artist?type=lyrics&lang=1&prfid=16196&wrkid=61086,עוד לא נגמר,אושר כהן,100.0,100.0,2tVQnp6k62bMTsWQJYvQXz.txt,1086.0
spotify:track:183rnfbCaoktTQ0Pf1jtKj,עדיין ריק,Liran Danino,910671,64,2024-10-10,hebrew_title,accepted,1,https://shironet.mako.co.il/artist?type=lyrics&lang=1&prfid=10743&wrkid=29223,עדיין ריק,לירן דנינו,100.0,100.0,183rnfbCaoktTQ0Pf1jtKj.txt,490.0
spotify:track:6FbmUqAPNiQ5IXxMTNKV3u,לילה,Omer Adam,907346,32,2024-11-14,hebrew_title,review,1,https://shironet.mako.co.il/artist?type=lyrics&lang=1&prfid=23035&wrkid=67003,לילה,נונו,100.0,33.3,,
spotify:track:6Ix2MJMdzccf5gVosUYG0r,יש מישהו ששר לך,"Omer Adam, Aviv Geffen",903584,34,2025-12-11,hebrew_title,accepted,1,https://shironet.mako.co.il/artist?type=lyrics&lang=1&prfid=34&wrkid=65071,יש מישהו ששר לך,אביב גפן,100.0,100.0,6Ix2MJMdzccf5gVosUYG0r.txt,897.0
spotify:track:3qWDOGP2SBMLQ3nzMIkNbz,שני ילדים בעולם,Nathan Goshen,902575,110,2023-10-26,hebrew_title,not_found,1,https://shironet.mako.co.il/artist?type=lyrics&lang=1&prfid=12579&wrkid=30592,כל מה שיש לי,נתן גושן,51.9,100.0,,
spotify:track:02k88ntKmaWSOjkCRADZMf,אני רוצה עוד אהבה,Osher Cohen,894164,67,2025-08-07,hebrew_title,accepted,1,https://shironet.mako.co.il/artist?type=lyrics&lang=1&prfid=16196&wrkid=64263,אני רוצה עוד אהבה,אושר כהן,100.0,100.0,02k88ntKmaWSOjkCRADZMf.txt,967.0
spotify:track:4C7cg72gU51s1IT4wh7Vp9,קומה 58,Omer Adam,883918,56,2023-10-12,hebrew_title,accepted,1,https://shironet.mako.co.il/artist?type=lyrics&lang=1&prfid=10755&wrkid=57974,קומה 58,עומר אדם,100.0,100.0,4C7cg72gU51s1IT4wh7Vp9.txt,853.0
spotify:track:6lSSdXZtqF4tFlmaQyV0ut,צמאה לאהבה,Liran Danino,879544,37,2025-12-18,hebrew_title,accepted,1,https://shironet.mako.co.il/artist?type=lyrics&lang=1&prfid=10743&wrkid=51024,צמאה לאהבה,לירן דנינו,100.0,100.0,6lSSdXZtqF4tFlmaQyV0ut.txt,857.0
spotify:track:5R5wL4rbWPKeUrFGyvc5Nu,בסוף הכל חולף,Omer Adam,867169,128,2023-10-19,hebrew_title,accepted,1,https://shironet.mako.co.il/artist?type=lyrics&lang=1&prfid=10755&wrkid=45748,בסוף הכל חולף,עומר אדם,100.0,100.0,5R5wL4rbWPKeUrFGyvc5Nu.txt,865.0
spotify:track:1LPAIuklAWhEUGQ3nQrcBr,Lifamim,Ori Ben Ari,861381,130,2023-11-23,israeli_artist,not_found,1,,,,,,,
spotify:track:2biQCM9i8PaFYVEYyVkn31,תן לי תפילה,Shmuel,850415,85,2024-09-26,hebrew_title,accepted,1,https://shironet.mako.co.il/artist?type=lyrics&lang=1&prfid=22702&wrkid=56138,תן לי תפילה,שמואל פרדניק,100.0,100.0,2biQCM9i8PaFYVEYyVkn31.txt,673.0
spotify:track:18ljxDm42G5YuQtWZElFSZ,אחת ממיליון & מלכת הדור & לא להמציא - מיוחד למצעד הישראלי השנתי,"DUDA, רון חיון",848654,71,2025-10-02,hebrew_title,not_found,3,https://shironet.mako.co.il/artist?type=lyrics&lang=1&prfid=24702&wrkid=63837 | https://shironet.mako.co.il/artist?type=lyrics&lang=1&prfid=10755&wrkid=63751 | https://shironet.mako.co.il/artist?type=lyrics&lang=1&prfid=24702&wrkid=57675,אחת ממיליון | מלכת הדור | פלואו של טמבל 2,רון חיון | עומר אדם | רון חיון,28.6,33.3,,
spotify:track:7JoXEwDsbey37yMghVbIub,הריני,"Ravid Plotnik, Eviatar Banai",848499,97,2023-11-09,hebrew_title,review,1,https://shironet.mako.co.il/artist?type=lyrics&lang=1&prfid=20614&wrkid=62746,הריני,אסף הרוש,100.0,46.2,,
spotify:track:3dkItSs4LurpACEg70HDIB,לדפוק ת'ראש,"Idan Amedi, רותם סלע, דני קושמרו, אורי גבריאל, אסי ישראלוף",842154,49,2025-01-09,hebrew_title,accepted,1,https://shironet.mako.co.il/artist?type=lyrics&lang=1&prfid=12746&wrkid=63037,לדפוק ת'ראש,עידן עמדי,100.0,100.0,3dkItSs4LurpACEg70HDIB.txt,2227.0
spotify:track:3bNMJufCrUTvulgd5XhUKs,סליחה,"Static, ששון איפרם שאולוב",841252,42,2025-04-24,hebrew_title,page_without_lyrics,1,https://shironet.mako.co.il/artist?type=lyrics&lang=1&prfid=25152&wrkid=63703,סליחה,ששון שאולוב,100.0,100.0,,
spotify:track:3hcA78977VXSLmAsVE7BWE,אדם שבור,Eden Hason,837997,25,2026-01-08,hebrew_title,not_found,1,https://shironet.mako.co.il/artist?type=lyrics&lang=1&prfid=13834&wrkid=61609,לב שביר,עדן חסון,53.3,100.0,,
spotify:track:3X7YWrfGLLopRknF9FBPHf,להקות שהתפרקו,Peer Tasi,827352,77,2025-07-03,hebrew_title,accepted,1,https://shironet.mako.co.il/artist?type=lyrics&lang=1&prfid=7747&wrkid=63797,להקות שהתפרקו,פאר טסי,100.0,100.0,3X7YWrfGLLopRknF9FBPHf.txt,896.0
spotify:track:3s13Ypsdj82Uolj75MBE5f,היום,Noam Bettan,824129,46,2025-12-11,hebrew_title,review,1,https://shironet.mako.co.il/artist?type=lyrics&lang=1&prfid=26670&wrkid=66035,היום,סאבלימינל עם ליבי פנקר,100.0,57.1,,
spotify:track:1XuxoHDc7mFeyhaDcgjYST,מחילה,Jasmin Moallem,817510,96,2023-10-19,hebrew_title,accepted,1,https://shironet.mako.co.il/artist?type=lyrics&lang=1&prfid=22199&wrkid=53758,מחילה,יסמין מועלם,100.0,100.0,1XuxoHDc7mFeyhaDcgjYST.txt,914.0
spotify:track:08vuE9ILz25hjgRX4K5tQT,בואי נדבר,"שירז אברהם, Shlomo Levi",814916,94,2023-11-16,hebrew_title,review,1,https://shironet.mako.co.il/artist?type=lyrics&lang=1&prfid=24321&wrkid=59167,בואי נדבר,ששון איפרם שאולוב,100.0,50.0,,
spotify:track:2L2vg2n4bU1CVLlpKbQhef,שיר ללא שם,Eviatar Banai,814603,40,2023-12-28,hebrew_title,review,1,https://shironet.mako.co.il/artist?type=lyrics&lang=1&prfid=462&wrkid=3003,שיר ללא שם,יהודית רביץ,100.0,58.8,,
spotify:track:5P7aER6OWnngPH949VKXDR,אלף חרבות,"Eden Ben Zaken, נדב חנציס",807681,17,2026-01-15,hebrew_title,accepted,1,https://shironet.mako.co.il/artist?type=lyrics&lang=1&prfid=16843&wrkid=65392,אלף חרבות,עדן בן זקן,100.0,100.0,5P7aER6OWnngPH949VKXDR.txt,995.0
spotify:track:31VLQciLv1PbK2IJUtXLgj,לורו פיאנה,רואי אדם,806508,58,2025-12-18,hebrew_title,accepted,1,https://shironet.mako.co.il/artist?type=lyrics&lang=1&prfid=24794&wrkid=64956,לורו פיאנה,רואי אדם,100.0,100.0,31VLQciLv1PbK2IJUtXLgj.txt,1131.0
spotify:track:1fWkzxrhsViaXfuJPIflNl,אליס - חי באולפן גלגלצ,נדב חנציס,793334,79,2025-07-24,hebrew_title,not_found,1,https://shironet.mako.co.il/artist?type=lyrics&lang=1&prfid=26233&wrkid=66472,אל תשחקי לי בלב,נדב חנציס,57.1,100.0,,
spotify:track:4cHhUWXkEtSj7kdue9SO5u,לשטוף את העצב,Omer Adam,792783,29,2024-01-25,hebrew_title,accepted,1,https://shironet.mako.co.il/artist?type=lyrics&lang=1&prfid=10755&wrkid=59581,לשטוף את העצב,עומר אדם,100.0,100.0,4cHhUWXkEtSj7kdue9SO5u.txt,756.0
spotify:track:58m9mqwBLliFpIFSYzprSn,עטלף עיוור,Eyal Golan,786528,51,2023-10-12,hebrew_title,review,1,https://shironet.mako.co.il/artist?type=lyrics&lang=1&prfid=17593&wrkid=57816,עטלף עיוור,חנן בן ארי,100.0,44.4,,
spotify:track:2tj4JhaPPpmPp8RNbieT52,ילדה של אמונה,Odeya,780242,94,2025-01-16,hebrew_title,accepted,1,https://shironet.mako.co.il/artist?type=lyrics&lang=1&prfid=22151&wrkid=61569,ילדה של אמונה,אודיה אזולאי,100.0,100.0,2tj4JhaPPpmPp8RNbieT52.txt,1445.0
spotify:track:7uwbkdstWT7e5Tl70aPOnG,ראפ מטורף,"Tuna, Ravid Plotnik",774290,15,2025-06-05,hebrew_title,accepted,1,https://shironet.mako.co.il/artist?type=lyrics&lang=1&prfid=17619&wrkid=63786,ראפ מטורף,רביד פלוטניק,100.0,100.0,7uwbkdstWT7e5Tl70aPOnG.txt,1721.0
spotify:track:6VhdWiz7GI2eaYcGSsaY7w,לולה,Dudu Tassa,771155,131,2025-04-03,hebrew_title,accepted,1,https://shironet.mako.co.il/artist?type=lyrics&lang=1&prfid=1321&wrkid=16373,לולה,דודו טסה,100.0,100.0,6VhdWiz7GI2eaYcGSsaY7w.txt,547.0
spotify:track:3AoZ1W11B3gm8vhFSpHDjh,ביחד איתי,ששון איפרם שאולוב,765495,84,2023-10-26,hebrew_title,accepted,1,https://shironet.mako.co.il/artist?type=lyrics&lang=1&prfid=24321&wrkid=58078,ביחד איתי,ששון איפרם שאולוב,100.0,100.0,3AoZ1W11B3gm8vhFSpHDjh.txt,1041.0
spotify:track:4j6zwZXmowzteSNjeqq1np,איך את אוהבת,Eden Hason,764862,100,2023-10-19,hebrew_title,review,1,https://shironet.mako.co.il/artist?type=lyrics&lang=1&prfid=16196&wrkid=58004,איך שאת אוהבת,אושר כהן,96.0,40.0,,
spotify:track:5I0WaR0LpN4Kn1zwbvd145,גושפנקא,"E-Z, Noa Kirel",760282,106,2023-10-12,hebrew_title,accepted,1,https://shironet.mako.co.il/artist?type=lyrics&lang=1&prfid=18493&wrkid=56733,גֻּושְׁפַּנְקָא,נועה קירל,100.0,100.0,5I0WaR0LpN4Kn1zwbvd145.txt,1629.0
spotify:track:0NdV41q6lBoO4WyCaZmIJU,רק אני יודע,Stephane Legar,757777,46,2023-10-12,hebrew_title,accepted,1,https://shironet.mako.co.il/artist?type=lyrics&lang=1&prfid=20455&wrkid=58007,רק אני יודע,סטפן לגר,100.0,100.0,0NdV41q6lBoO4WyCaZmIJU.txt,1602.0
spotify:track:5rqeYyQ1EpbEJKkH4cgncs,בין העיר לפרדס,Tuna,757357,18,2024-04-04,hebrew_title,accepted,1,https://shironet.mako.co.il/artist?type=lyrics&lang=1&prfid=16260&wrkid=60100,בין העיר לפרדס,טונה,100.0,100.0,5rqeYyQ1EpbEJKkH4cgncs.txt,1717.0
spotify:track:3CA8eNZ0qIeWovaCt226ui,לאן,Vibe Ish,750088,114,2025-01-09,hebrew_title,accepted,1,https://shironet.mako.co.il/artist?type=lyrics&lang=1&prfid=25200&wrkid=59297,לאן,וייב איש,100.0,100.0,3CA8eNZ0qIeWovaCt226ui.txt,1563.0
spotify:track:5bxd1DEtcLOuTLqbMT43Xz,לא הכל מן אללה,E-Z,746648,124,2023-11-02,hebrew_title,accepted,1,https://shironet.mako.co.il/artist?type=lyrics&lang=1&prfid=7793&wrkid=41738,לא הכל מן אללה,איזי,100.0,100.0,5bxd1DEtcLOuTLqbMT43Xz.txt,735.0
spotify:track:3EIpvMJo4sqVVqDQx9H4Zj,מלך אחד לעולם,נדב חנציס,742570,36,2025-09-18,hebrew_title,accepted,1,https://shironet.mako.co.il/artist?type=lyrics&lang=1&prfid=26233&wrkid=64300,מלך אחד לעולם,נדב חנציס,100.0,100.0,3EIpvMJo4sqVVqDQx9H4Zj.txt,678.0
spotify:track:2b9TjqgLxE6zOZc4DSmYYx,פרובוקטיבית,"Noa Kirel, Forever Tel Aviv, Sagi Kariv",741491,33,2023-10-12,hebrew_title,accepted,1,https://shironet.mako.co.il/artist?type=lyrics&lang=1&prfid=18493&wrkid=57863,פרובוקטיבית,נועה קירל,100.0,100.0,2b9TjqgLxE6zOZc4DSmYYx.txt,1368.0
spotify:track:5fKgzl3NkOSBwVdsYRqxdd,אהבה חולה,"הכוכב הבא, Noam Bettan",732224,40,2026-01-01,hebrew_title,review,1,https://shironet.mako.co.il/artist?type=lyrics&lang=1&prfid=25681&wrkid=65980,חולה אהבה,ליעם חכמון,100.0,50.0,,
spotify:track:4jurtysyzLBMr64w1uYIau,קחי לך זמן,יציאת חירום,729625,125,2024-09-05,hebrew_title,accepted,1,https://shironet.mako.co.il/artist?type=lyrics&lang=1&prfid=549&wrkid=6687,קחי לך זמן,יציאת חירום,100.0,100.0,4jurtysyzLBMr64w1uYIau.txt,384.0
spotify:track:1ADljphnyLqrI3HOQjParb,דובדבן,Dudu Aharon,726957,78,2025-03-27,hebrew_title,accepted,1,https://shironet.mako.co.il/artist?type=lyrics&lang=1&prfid=4592&wrkid=33376,דובדבן,דודו אהרון,100.0,100.0,1ADljphnyLqrI3HOQjParb.txt,346.0
spotify:track:60qhM7vig0oDlKzv2k4b56,אמונה,Ben Zur,717146,142,2025-02-13,hebrew_title,accepted,1,https://shironet.mako.co.il/artist?type=lyrics&lang=1&prfid=22973&wrkid=61503,אמונה,בן צור,100.0,100.0,60qhM7vig0oDlKzv2k4b56.txt,811.0
spotify:track:21lNFbYE1iSBYtNcW2U8Vm,איש הפלא,Ben Zur,706896,57,2025-12-25,hebrew_title,accepted,1,https://shironet.mako.co.il/artist?type=lyrics&lang=1&prfid=22973&wrkid=65305,איש הפלא,בן צור,100.0,100.0,21lNFbYE1iSBYtNcW2U8Vm.txt,631.0
spotify:track:71h6sV5KytTmPARarI28wI,רסיסים,Raviv Kaner,706573,128,2023-10-19,hebrew_title,accepted,1,https://shironet.mako.co.il/artist?type=lyrics&lang=1&prfid=22717&wrkid=54774,רסיסים,רביב כנר,100.0,100.0,71h6sV5KytTmPARarI28wI.txt,876.0
spotify:track:3xcfRHbbkwIh6rPKQ9y8DX,פאטה מורגנה,"Itay Levi, Zehavi",706074,95,2025-10-02,hebrew_title,accepted,1,https://shironet.mako.co.il/artist?type=lyrics&lang=1&prfid=15629&wrkid=64673,פאטה מורגנה,איתי לוי,100.0,100.0,3xcfRHbbkwIh6rPKQ9y8DX.txt,695.0
spotify:track:7nMomFVtkNlufbOUqb89ey,וואי,Omer Adam,704875,103,2023-12-14,hebrew_title,review,1,https://shironet.mako.co.il/artist?type=lyrics&lang=1&prfid=10755&wrkid=33379,וואי לי,עומר אדם,80.0,100.0,,
spotify:track:3HkHwuHaOn1F9vEZxIEqCw,להאמין,"Doli & Penn, Idan Raichel",701732,137,2023-11-09,hebrew_title,accepted,1,https://shironet.mako.co.il/artist?type=lyrics&lang=1&prfid=1428&wrkid=53632,להאמין,"שירים שנכתבו ע""י עידן רייכל",100.0,100.0,3HkHwuHaOn1F9vEZxIEqCw.txt,604.0
spotify:track:3HBMPTdsZQNO24vbrgcJKZ,מה את מרגישה,Idan Amedi,686193,93,2024-01-11,hebrew_title,accepted,1,https://shironet.mako.co.il/artist?type=lyrics&lang=1&prfid=12746&wrkid=57732,מה את מרגישה,עידן עמדי,100.0,100.0,3HBMPTdsZQNO24vbrgcJKZ.txt,1013.0
spotify:track:6IIKUEXxGqjxJtiS1e6z73,תופסת,Eden Ben Zaken,684654,33,2026-01-15,hebrew_title,accepted,1,https://shironet.mako.co.il/artist?type=lyrics&lang=1&prfid=16843&wrkid=65391,תופסת,עדן בן זקן,100.0,100.0,6IIKUEXxGqjxJtiS1e6z73.txt,590.0
spotify:track:5dDkX66Ov8pqr1l9Cyk02l,מלאך של כבוד,Omer Adam,684578,40,2024-11-14,hebrew_title,accepted,1,https://shironet.mako.co.il/artist?type=lyrics&lang=1&prfid=10755&wrkid=61968,מלאך של כבוד,עומר אדם,100.0,100.0,5dDkX66Ov8pqr1l9Cyk02l.txt,934.0
spotify:track:6N77PmBuiZnIXGjJVx6E28,רבות הדרכים / עושה לי צרות - Live,"Odeya, Eden Hason, Daniel Salomon",683123,68,2024-05-16,hebrew_title,accepted,2,https://shironet.mako.co.il/artist?type=lyrics&lang=1&prfid=4318&wrkid=13582 | https://shironet.mako.co.il/artist?type=lyrics&lang=1&prfid=13834&wrkid=57672,רבות הדרכים | עושה לי צרות,דניאל סלומון ודנה עדיני | עדן חסון,100.0,100.0,6N77PmBuiZnIXGjJVx6E28.txt,2119.0
spotify:track:0MhNrKywHeTXXyWRJt7UDn,מגנט + הייתי חוזרת (מתוך החזרות למופע פול ווליום),"Eden Ben Zaken, ששון איפרם שאולוב",681209,102,2025-04-03,hebrew_title,review,1,https://shironet.mako.co.il/artist?type=lyrics&lang=1&prfid=16843&wrkid=44099,הייתי חוזרת,עדן בן זקן,83.3,100.0,,
spotify:track:1B6qAMPiD7sv3WNI90ELMz,אור הירח,"Jasmin Moallem, Tuna",676238,120,2023-10-19,hebrew_title,review,1,https://shironet.mako.co.il/artist?type=lyrics&lang=1&prfid=3525&wrkid=42103,אור ירח,דנה לפידות,93.3,57.1,,
spotify:track:1EZj3gwDRCDVTxJAIGUtMQ,שוב אני בדד,Eyal Golan,671686,41,2024-08-22,hebrew_title,accepted,1,https://shironet.mako.co.il/artist?type=lyrics&lang=1&prfid=92&wrkid=63594,שוב אני בדד,אייל גולן,100.0,94.1,1EZj3gwDRCDVTxJAIGUtMQ.txt,565.0
spotify:track:2vrxPmQrOrdC48Yt3lAQdY,ילדה של אמונה,Odeya,666925,89,2024-09-26,hebrew_title,accepted,1,https://shironet.mako.co.il/artist?type=lyrics&lang=1&prfid=22151&wrkid=61569,ילדה של אמונה,אודיה אזולאי,100.0,100.0,2vrxPmQrOrdC48Yt3lAQdY.txt,1445.0
spotify:track:5rg4MXC9LBysvrBLrt6i3O,אני שלך,Avraham Tal,646358,120,2023-10-26,hebrew_title,review,1,https://shironet.mako.co.il/artist?type=lyrics&lang=1&prfid=15157&wrkid=22501,אני שלך,עדן אבוטבול,100.0,53.3,,
spotify:track:1VGHtOfjicgALZGihsjfs0,שאריות של החיים,Idan Raichel,643370,135,2025-05-08,hebrew_title,accepted,1,https://shironet.mako.co.il/artist?type=lyrics&lang=1&prfid=1333&wrkid=22224,שאריות של החיים,הפרויקט של עידן רייכל,100.0,100.0,1VGHtOfjicgALZGihsjfs0.txt,213.0
spotify:track:5BK8QQs9NhYRFGQHx8GMAG,שיר לאמא,Alon Eder,629379,152,2024-11-14,hebrew_title,review,1,https://shironet.mako.co.il/artist?type=lyrics&lang=1&prfid=1505&wrkid=39069,שיר לאמא,ישראל ברייט,100.0,50.0,,
spotify:track:0pwe6ne12KNaNYXyxquuPl,לתת לחיים לרקוד,Idan Amedi,629026,72,2025-01-09,hebrew_title,accepted,1,https://shironet.mako.co.il/artist?type=lyrics&lang=1&prfid=12746&wrkid=62304,לתת לחיים לרקוד,עידן עמדי,100.0,100.0,0pwe6ne12KNaNYXyxquuPl.txt,1361.0
spotify:track:2YPOqzIqc18ETU6AnQ4yIS,אני,Noa Kirel,627617,67,2024-07-25,hebrew_title,accepted,1,https://shironet.mako.co.il/artist?type=lyrics&lang=1&prfid=18493&wrkid=61035,אני,נועה קירל,100.0,100.0,2YPOqzIqc18ETU6AnQ4yIS.txt,867.0
spotify:track:0KMZESyaad48QMOmg6cYuy,סופרמן,Idan Amedi,623646,12,2024-12-19,hebrew_title,accepted,1,https://shironet.mako.co.il/artist?type=lyrics&lang=1&prfid=12746&wrkid=62196,סופרמן,עידן עמדי,100.0,100.0,0KMZESyaad48QMOmg6cYuy.txt,3358.0
spotify:track:4TQmgOWfxnPyD4AIbFuBUb,מחרוזת חסידית - מנורה לייב,ששון איפרם שאולוב,622203,138,2024-11-21,hebrew_title,not_found,1,https://shironet.mako.co.il/artist?type=lyrics&lang=1&prfid=25152&wrkid=66594,חוזר אלייך,ששון שאולוב,47.1,100.0,,
spotify:track:5vrzcGVyLeru7vHm89EvRr,אין מרחק בינינו,Eden Hason,618727,90,2024-10-03,hebrew_title,not_found,1,https://shironet.mako.co.il/artist?type=lyrics&lang=1&prfid=13834&wrkid=51808,על כפיו יביא,עדן חסון,44.4,100.0,,
spotify:track:0VgQrZgWmIDO20EqbVCiLX,עבד כי ימלוך,"Tamir Bar, שם טוב האבי, Michael Swissa, Yishay Swissa",612185,33,2025-11-13,hebrew_title,not_found,1,https://shironet.mako.co.il/artist?type=lyrics&lang=1&prfid=14848&wrkid=45039,מעבר לחצות,יוחאי בן אבי,45.5,66.7,,
spotify:track:65mihAxc8YUEoIuazo9au4,חיכיתי לך - מנורה Live,"ששון איפרם שאולוב, Rinat Bar",604381,120,2025-02-20,hebrew_title,not_found,1,https://shironet.mako.co.il/artist?type=lyrics&lang=1&prfid=1387&wrkid=65882,דחיתי אותך למחר,רינת בר,51.4,100.0,,
spotify:track:66KxDVMUHeV3gv4F3KTp2n,לחזור הביתה,Hatikva 6,601797,123,2023-11-16,hebrew_title,review,1,https://shironet.mako.co.il/artist?type=lyrics&lang=1&prfid=7586&wrkid=65153,לחזור הביתה,עובדיה חממה,100.0,40.0,,
spotify:track:1WqRnSjBc7L2DnLzsNvqOm,לילה טוב,Odeya,598161,47,2024-09-12,hebrew_title,accepted,1,https://shironet.mako.co.il/artist?type=lyrics&lang=1&prfid=22151&wrkid=61574,לילה טוב,אודיה אזולאי,100.0,100.0,1WqRnSjBc7L2DnLzsNvqOm.txt,589.0
spotify:track:1VlZ3l7Ea1vVXl2LqivNuS,לא הפסקתי לחפש אותך,"Shlomo Artzi, Omer Adam",596127,120,2025-06-19,hebrew_title,not_found,1,https://shironet.mako.co.il/artist?type=lyrics&lang=1&prfid=975&wrkid=63249,היה לי אותך,שלמה ארצי,60.0,100.0,,
spotify:track:21sUkbh9rQ8p4luwW9nCpH,ליבי,Peer Tasi,594791,90,2024-05-30,hebrew_title,not_found,1,https://shironet.mako.co.il/artist?type=lyrics&lang=1&prfid=7747&wrkid=66500,ללי,פאר טסי,57.1,100.0,,
spotify:track:2ve80cifNREUQiY6g2d6h6,שמש,"Hadag Nahash, Shai Tsabari",588745,66,2024-11-07,hebrew_title,accepted,1,https://shironet.mako.co.il/artist?type=lyrics&lang=1&prfid=333&wrkid=42782,שמש,הדג נחש,100.0,100.0,2ve80cifNREUQiY6g2d6h6.txt,484.0
spotify:track:5xlMI2eRQgUsDAl8vRmhJC,קשר בתקצורת,"Tuna, Haim Moshe",585280,27,2025-06-05,hebrew_title,page_without_lyrics,1,https://shironet.mako.co.il/artist?type=lyrics&lang=1&prfid=16260&wrkid=63927,קשר בתקצורת,טונה,100.0,100.0,,
spotify:track:5N9I2p1Z9K4hi6Rs6FmgNF,אהבות ליום אחד,Noam Bettan,576022,68,2025-12-25,hebrew_title,review,1,https://shironet.mako.co.il/artist?type=lyrics&lang=1&prfid=19936&wrkid=51767,אהבות ליום אחד,נועם בתן,100.0,80.0,,
spotify:track:5cexYtv51CMqLuUwC9J5dH,אין מילים איתך,Full Trunk,564173,22,2026-01-22,hebrew_title,accepted,1,https://shironet.mako.co.il/artist?type=lyrics&lang=1&prfid=19507&wrkid=65450,אין מילים איתך,Full Trunk,100.0,100.0,5cexYtv51CMqLuUwC9J5dH.txt,1199.0
spotify:track:59aRiZFzmOYH3O83c0XykI,אם תחכי לי,Peer Tasi,561316,140,2025-11-20,hebrew_title,accepted,1,https://shironet.mako.co.il/artist?type=lyrics&lang=1&prfid=7747&wrkid=41372,אם תחכי לי,פאר טסי,100.0,100.0,59aRiZFzmOYH3O83c0XykI.txt,316.0
spotify:track:2aIXUJpfkXplSwa6vpPRZe,אמן,Eden Golan,540328,65,2026-01-08,hebrew_title,accepted,1,https://shironet.mako.co.il/artist?type=lyrics&lang=1&prfid=25357&wrkid=64981,אמן,עדן גולן,100.0,93.3,2aIXUJpfkXplSwa6vpPRZe.txt,875.0
spotify:track:0hlBI8n1v5F2mj0tDIM5ai,שלוק מהבלו,LIAD MEIR,539656,39,2023-10-12,hebrew_title,accepted,1,https://shironet.mako.co.il/artist?type=lyrics&lang=1&prfid=24768&wrkid=59154,שלוק מהבלו,ליעד מאיר,100.0,100.0,0hlBI8n1v5F2mj0tDIM5ai.txt,1399.0
spotify:track:5skSuo1jY3G5FGbWdaKD4w,מיליון לילות,"Eden Hason, Osher Cohen",533732,49,2025-07-10,hebrew_title,not_found,1,https://shironet.mako.co.il/artist?type=lyrics&lang=1&prfid=16196&wrkid=64265,לא מבין,אושר כהן,52.6,100.0,,
spotify:track:05ryQJip5j6ExMhvB6o6f4,כמה מתוק,Jasmin Moallem,532750,144,2023-10-26,hebrew_title,accepted,1,https://shironet.mako.co.il/artist?type=lyrics&lang=1&prfid=22199&wrkid=50057,כמה מתוק,יסמין מועלם,100.0,100.0,05ryQJip5j6ExMhvB6o6f4.txt,964.0
spotify:track:3XkauVC70TlTgebHdWea3a,רחובות ריקים,ששון איפרם שאולוב,532732,59,2024-02-29,hebrew_title,accepted,1,https://shironet.mako.co.il/artist?type=lyrics&lang=1&prfid=25152&wrkid=59798,רחובות ריקים,ששון שאולוב,100.0,100.0,3XkauVC70TlTgebHdWea3a.txt,1113.0
spotify:track:4DEqXFBuMKWRSHCKaxgAv7,עכשיו טוב,Gilad Segev,531029,140,2024-05-16,hebrew_title,accepted,1,https://shironet.mako.co.il/artist?type=lyrics&lang=1&prfid=1535&wrkid=10772,עכשיו טוב,גלעד שגב,100.0,100.0,4DEqXFBuMKWRSHCKaxgAv7.txt,938.0
spotify:track:2GOVLMW4SmZM14nMRtnhx3,אחד עומד ונואם,"Tamir Bar, שם טוב האבי, Arkadi Duchin",529250,39,2025-11-20,hebrew_title,not_found,1,https://shironet.mako.co.il/artist?type=lyrics&lang=1&prfid=1229&wrkid=17781,יום חדש,מוש בן ארי,47.6,58.8,,
spotify:track:7AHM45gNY0LiFUSnfzjUus,הימים עוברים,Avraham Tal,527649,137,2023-10-26,hebrew_title,accepted,1,https://shironet.mako.co.il/artist?type=lyrics&lang=1&prfid=7335&wrkid=42651,הימים עוברים,אברהם טל,100.0,100.0,7AHM45gNY0LiFUSnfzjUus.txt,358.0
spotify:track:5E8VSBEyekvkqIrDs5IOio,שלום אהובתי,Eyal Golan,524091,50,2024-04-18,hebrew_title,accepted,1,https://shironet.mako.co.il/artist?type=lyrics&lang=1&prfid=92&wrkid=60310,שלום אהובתי,אייל גולן,100.0,94.1,5E8VSBEyekvkqIrDs5IOio.txt,805.0
spotify:track:14T9MsaDVojqqEyGAZ0Sfb,השיר של נעם 2,"Maor Ashkenazi, נעם כהן",523549,56,2023-11-16,hebrew_title,accepted,1,https://shironet.mako.co.il/artist?type=lyrics&lang=1&prfid=23505&wrkid=55409,השיר של נעם,מאור אשכנזי,94.7,100.0,14T9MsaDVojqqEyGAZ0Sfb.txt,2328.0
spotify:track:5jvU0fxQllEi4IOhBhuU35,תן לי זמן,נועם קלינשטיין,515400,111,2025-03-06,hebrew_title,accepted,1,https://shironet.mako.co.il/artist?type=lyrics&lang=1&prfid=23814&wrkid=62665,תן לי זמן,נועם קלינשטיין,100.0,100.0,5jvU0fxQllEi4IOhBhuU35.txt,711.0
spotify:track:0jPy1Rm9G4UjNHLg9WXNDj,זורק תעניבה,Omer Adam,510991,115,2024-09-19,hebrew_title,not_found,1,https://shironet.mako.co.il/artist?type=lyrics&lang=1&prfid=10755&wrkid=53914,אחרי החתונה,עומר אדם,45.5,100.0,,
spotify:track:2KGlQst2lnkS7rcRT35ZPF,ימים יגידו,Eyal Golan,506755,138,2025-04-10,hebrew_title,accepted,1,https://shironet.mako.co.il/artist?type=lyrics&lang=1&prfid=92&wrkid=37305,ימים יגידו,אייל גולן,100.0,94.1,2KGlQst2lnkS7rcRT35ZPF.txt,681.0
spotify:track:6dMsWeQ2vCXOroR5dL84Wf,זה הכל בשבילך,"Danny Sanderson, Mazi Cohen",499764,163,2023-11-09,hebrew_title,accepted,1,https://shironet.mako.co.il/artist?type=lyrics&lang=1&prfid=314&wrkid=1340,זה הכל בשבילך,דני סנדרסון,100.0,100.0,6dMsWeQ2vCXOroR5dL84Wf.txt,427.0
spotify:track:4ba71UA0iyBiXUAVl9AF9U,מטומטמת,ששון איפרם שאולוב,494304,88,2024-08-15,hebrew_title,accepted,1,https://shironet.mako.co.il/artist?type=lyrics&lang=1&prfid=25152&wrkid=61071,מטומטמת,ששון שאולוב,100.0,100.0,4ba71UA0iyBiXUAVl9AF9U.txt,895.0
spotify:track:3TDXqI0ixmt8UBWJlTT23P,למה לי למה לו,Nasrin Kadri,492693,128,2024-05-09,hebrew_title,accepted,1,https://shironet.mako.co.il/artist?type=lyrics&lang=1&prfid=14273&wrkid=60285,למה לי למה לו,נסרין קדרי,100.0,100.0,3TDXqI0ixmt8UBWJlTT23P.txt,1035.0
spotify:track:2xqMifKIz1qVTElCZPkyRH,לילה כיום יאיר,Eviatar Banai,487455,171,2023-10-19,hebrew_title,accepted,1,https://shironet.mako.co.il/artist?type=lyrics&lang=1&prfid=12586&wrkid=23569,לילה כיום יאיר,אביתר בנאי וארז לב ארי,100.0,100.0,2xqMifKIz1qVTElCZPkyRH.txt,458.0
spotify:track:70j0levi0vPvQB5okEwZvm,סיבות להישאר,Eyal Golan,487179,92,2025-04-10,hebrew_title,accepted,1,https://shironet.mako.co.il/artist?type=lyrics&lang=1&prfid=92&wrkid=63579,סיבות להישאר,אייל גולן,100.0,94.1,70j0levi0vPvQB5okEwZvm.txt,699.0
spotify:track:7hyle4lmxpFkhKOv2NxTiL,כמו כל יום,Idan Rafael Haviv,479209,106,2023-10-19,hebrew_title,accepted,1,https://shironet.mako.co.il/artist?type=lyrics&lang=1&prfid=8853&wrkid=36303,כמו כל יום,עידן חביב,100.0,100.0,7hyle4lmxpFkhKOv2NxTiL.txt,611.0
spotify:track:6sADtPKtORAMZP3GQhOsHv,סיבת הסיבות,Ishay Ribo,477427,132,2023-10-12,hebrew_title,accepted,1,https://shironet.mako.co.il/artist?type=lyrics&lang=1&prfid=14733&wrkid=51659,סיבת הסיבות,ישי ריבו,100.0,100.0,6sADtPKtORAMZP3GQhOsHv.txt,625.0
spotify:track:0cTRDUl1vovXBJ1lBQIyRk,מים שקופים,Omer Adam,472995,132,2023-11-23,hebrew_title,accepted,1,https://shironet.mako.co.il/artist?type=lyrics&lang=1&prfid=10755&wrkid=50007,מים שקופים,עומר אדם,100.0,100.0,0cTRDUl1vovXBJ1lBQIyRk.txt,871.0
spotify:track:43dcPAf3mzSsl8dRWXjZgF,אהבה בקרטונים,Eyal Golan,468331,95,2025-04-10,hebrew_title,accepted,1,https://shironet.mako.co.il/artist?type=lyrics&lang=1&prfid=92&wrkid=63581,אהבה בקרטונים,אייל גולן,100.0,94.1,43dcPAf3mzSsl8dRWXjZgF.txt,488.0
spotify:track:2X8mBXrZ6HJPCgKAzC87k5,כאב של לוחמים,Idan Amedi,467343,67,2023-10-19,hebrew_title,accepted,1,https://shironet.mako.co.il/artist?type=lyrics&lang=1&prfid=12746&wrkid=28626,כאב של לוחמים,עידן עמדי,100.0,100.0,2X8mBXrZ6HJPCgKAzC87k5.txt,528.0
spotify:track:6WHn7yqwDVstOlOsdU7UEt,רק תגידי,Ofek Adanek,462279,127,2025-07-10,hebrew_title,review,1,https://shironet.mako.co.il/artist?type=lyrics&lang=1&prfid=14571&wrkid=44630,רק תגידי,הדר עמרם,100.0,30.8,,
spotify:track:5ogS9Gv62PA9a8h3nL2bEX,אבל את,"Meir Banai, Eviatar Banai",461887,106,2025-10-09,hebrew_title,review,1,https://shironet.mako.co.il/artist?type=lyrics&lang=1&prfid=497&wrkid=8337,אבל את,יוסי בנאי,100.0,80.0,,
spotify:track:3VaEnW5C0x8htoAs4W040U,אתה אני אולי,Noa Kirel,459366,80,2024-12-12,hebrew_title,accepted,1,https://shironet.mako.co.il/artist?type=lyrics&lang=1&prfid=18493&wrkid=62022,אתה אני אולי,נועה קירל,100.0,100.0,3VaEnW5C0x8htoAs4W040U.txt,575.0
spotify:track:5LqzGpUPRQXbN9WwFdKY17,המלך בשדה,"Bar Tzabary, Shuli Rand",457191,90,2025-09-11,hebrew_title,accepted,1,https://shironet.mako.co.il/artist?type=lyrics&lang=1&prfid=939&wrkid=64169,המלך בשדה,שולי רנד,100.0,100.0,5LqzGpUPRQXbN9WwFdKY17.txt,559.0
spotify:track:2Yfd4lEjv3Ah7lLHEAYX50,נגמר,Idan Amedi,453043,72,2024-01-11,hebrew_title,review,1,https://shironet.mako.co.il/artist?type=lyrics&lang=1&prfid=26650&wrkid=65964,נגמר,תמר יהלומי ויונתן קלימי,100.0,50.0,,
spotify:track:0B02HrbQXoSltzD3SVNZ0E,בחיבק,תמר ריילי,442757,80,2026-01-08,hebrew_title,accepted,1,https://shironet.mako.co.il/artist?type=lyrics&lang=1&prfid=25980&wrkid=62338,בחיבק,תמר ריילי,100.0,100.0,0B02HrbQXoSltzD3SVNZ0E.txt,934.0
spotify:track:4qv7iP9m0e5ALkOYF0PLSQ,תמיד אוהב אותי,יאיר אלייצור,442287,114,2024-10-17,hebrew_title,accepted,1,https://shironet.mako.co.il/artist?type=lyrics&lang=1&prfid=24297&wrkid=61611,תמיד אוהב אותי,יוסף יאיר אליצור,100.0,95.7,4qv7iP9m0e5ALkOYF0PLSQ.txt,1351.0
spotify:track:0dhTeU87tEbBwplgPe2NVd,רוב השעות,Idan Raichel,440504,110,2025-10-02,hebrew_title,accepted,1,https://shironet.mako.co.il/artist?type=lyrics&lang=1&prfid=1333&wrkid=22324,רוב השעות,הפרויקט של עידן רייכל,100.0,100.0,0dhTeU87tEbBwplgPe2NVd.txt,532.0
spotify:track:7Jeh9SPQdyULPmdIqTNo3y,כנפיים - Live,"Tuna, Margalit Tzan'ani",436346,74,2023-10-12,hebrew_title,accepted,1,https://shironet.mako.co.il/artist?type=lyrics&lang=1&prfid=16260&wrkid=49772,כנפיים,טונה,100.0,100.0,7Jeh9SPQdyULPmdIqTNo3y.txt,1915.0
spotify:track:0igXa4xOZowEJUNPhUbPwr,ממי את יודעת איך,"Tuna, Sima Noon",432065,32,2025-06-05,hebrew_title,review,1,https://shironet.mako.co.il/artist?type=lyrics&lang=1&prfid=4847&wrkid=63977,ממי את יודעת איך,איתי זבולון,100.0,50.0,,
spotify:track:1I237F5xBjYvhe4o4yKoxg,מלא מלא,"Jasmin Moallem, DUDA",428062,101,2025-03-13,hebrew_title,accepted,1,https://shironet.mako.co.il/artist?type=lyrics&lang=1&prfid=22199&wrkid=62949,מלא מלא,יסמין מועלם,100.0,100.0,1I237F5xBjYvhe4o4yKoxg.txt,1407.0
spotify:track:4PcdcSDUImHuVjoCezSYuC,פלואו של טמבל 2,"LIAD MEIR, רון חיון",426260,66,2023-10-12,hebrew_title,accepted,1,https://shironet.mako.co.il/artist?type=lyrics&lang=1&prfid=24702&wrkid=57675,פלואו של טמבל 2,רון חיון,100.0,100.0,4PcdcSDUImHuVjoCezSYuC.txt,2112.0
spotify:track:3rq6qVDZZtXgbNuT9b3D1H,מסע,Eliad,424414,119,2025-07-31,hebrew_title,accepted,1,https://shironet.mako.co.il/artist?type=lyrics&lang=1&prfid=18402&wrkid=49116,מסע,אליעד,100.0,100.0,3rq6qVDZZtXgbNuT9b3D1H.txt,498.0
spotify:track:4jF2KwFgnuwvAk1rHbCBx7,שמלה כחולה,Liran Danino,422411,98,2024-10-10,hebrew_title,accepted,1,https://shironet.mako.co.il/artist?type=lyrics&lang=1&prfid=10743&wrkid=36012,שמלה כחולה,לירן דנינו,100.0,100.0,4jF2KwFgnuwvAk1rHbCBx7.txt,583.0
spotify:track:3bgNXXL7TjlBDOl36wLWHk,אחת ולתמיד,Ishay Ribo,419144,137,2025-09-25,hebrew_title,accepted,1,https://shironet.mako.co.il/artist?type=lyrics&lang=1&prfid=14733&wrkid=47047,אחת ולתמיד,ישי ריבו,100.0,100.0,3bgNXXL7TjlBDOl36wLWHk.txt,654.0
spotify:track:1b8Zi0VlYH3M7eeXQZ7APz,בגלגול הבא,Odeya,419091,86,2024-06-06,hebrew_title,review,1,https://shironet.mako.co.il/artist?type=lyrics&lang=1&prfid=13819&wrkid=31393,בגלגול הבא,חיים סינואני,100.0,50.0,,
spotify:track:2fzfDtJLfvvpCIy0yqfjn9,עוד יום,"Odeya, Talisman",406978,91,2024-09-19,hebrew_title,accepted,1,https://shironet.mako.co.il/artist?type=lyrics&lang=1&prfid=22151&wrkid=61566,עוד יום,אודיה אזולאי,100.0,100.0,2fzfDtJLfvvpCIy0yqfjn9.txt,1407.0
spotify:track:3n6kfT0sbKCbHSCmnzTD6w,עת הלבנה,"Ravid Plotnik, Michal Lotan",406417,23,2025-01-16,hebrew_title,accepted,1,https://shironet.mako.co.il/artist?type=lyrics&lang=1&prfid=17619&wrkid=62415,עת הלבנה,רביד פלוטניק,100.0,100.0,3n6kfT0sbKCbHSCmnzTD6w.txt,1652.0
spotify:track:5WTyArd4ylPYTAifaqKDyM,היי אהובה,Anna Zak,405388,109,2025-07-03,hebrew_title,page_without_lyrics,1,https://shironet.mako.co.il/artist?type=lyrics&lang=1&prfid=20186&wrkid=63996,היי אהובה,אנה זק,100.0,100.0,,
spotify:track:4paVKldW1YeVqHdpFomk2O,פרנציפ,"Static, Ness, STILLA",403909,74,2024-04-18,hebrew_title,accepted,1,https://shironet.mako.co.il/artist?type=lyrics&lang=1&prfid=24760&wrkid=60246,פרנציפ,נס וסטילה,100.0,100.0,4paVKldW1YeVqHdpFomk2O.txt,1540.0
spotify:track:0bSlaaneF4lLymoMouvxfH,לילות וקללות,"הכוכב הבא, Noam Bettan",401406,50,2026-01-15,hebrew_title,review,1,https://shironet.mako.co.il/artist?type=lyrics&lang=1&prfid=10755&wrkid=60052,לילות וקללות,עומר אדם,100.0,33.3,,
spotify:track:19osnW2bZ04gOFD38af5br,תהום,Ravid Plotnik,400576,24,2025-01-16,hebrew_title,accepted,1,https://shironet.mako.co.il/artist?type=lyrics&lang=1&prfid=17619&wrkid=62417,תהום,רביד פלוטניק,100.0,100.0,19osnW2bZ04gOFD38af5br.txt,1729.0
spotify:track:0WAMFZu9JKJ4HN3dzzPUgI,BA DA BING,Noa Kirel,389915,64,2024-09-12,israeli_artist,not_found,1,https://shironet.mako.co.il/artist?type=lyrics&lang=1&prfid=18493&wrkid=59289,UNICORN HOPE V,נועה קירל,33.3,100.0,,
spotify:track:4mcOEZ4RNkD4RXEc4xBceS,נר לכל לילה,Eyal Golan,389138,84,2025-03-27,hebrew_title,accepted,1,https://shironet.mako.co.il/artist?type=lyrics&lang=1&prfid=92&wrkid=63592,נר לכל לילה,אייל גולן,100.0,94.1,4mcOEZ4RNkD4RXEc4xBceS.txt,515.0
spotify:track:5OZHkLnre3kb4y4wuplo49,Metoh Mahshavot | מתוך מחשבות,ששון איפרם שאולוב,389121,125,2023-12-21,hebrew_title,accepted,1,https://shironet.mako.co.il/artist?type=lyrics&lang=1&prfid=24321&wrkid=55981,מתוך מחשבות,ששון איפרם שאולוב,100.0,100.0,5OZHkLnre3kb4y4wuplo49.txt,768.0
spotify:track:5u29wxDwJzybIkhFfZRtnI,אם את הולכת - אקוסטי,Avraham Tal,387415,118,2024-01-18,hebrew_title,accepted,1,https://shironet.mako.co.il/artist?type=lyrics&lang=1&prfid=7335&wrkid=28242,אם את הולכת,אברהם טל,100.0,100.0,5u29wxDwJzybIkhFfZRtnI.txt,570.0
spotify:track:49pn67BTjYDLqzDkOFrm1E,עכשיו התור לאהבה,Omer Adam,386297,59,2024-10-10,hebrew_title,accepted,1,https://shironet.mako.co.il/artist?type=lyrics&lang=1&prfid=10755&wrkid=61871,עכשיו התור לאהבה,עומר אדם,100.0,100.0,49pn67BTjYDLqzDkOFrm1E.txt,621.0
spotify:track:6rlwPk4cihbq6fxbLnNQB1,תחנונים,Osher Cohen,386137,76,2025-04-17,hebrew_title,accepted,1,https://shironet.mako.co.il/artist?type=lyrics&lang=1&prfid=16196&wrkid=63671,תחנונים,אושר כהן,100.0,100.0,6rlwPk4cihbq6fxbLnNQB1.txt,992.0
spotify:track:635ke14KZqjGWRnRpd42w0,גל עיניי,Hanan Ben Ari,383537,65,2025-08-21,hebrew_title,accepted,1,https://shironet.mako.co.il/artist?type=lyrics&lang=1&prfid=17593&wrkid=64084,גל עיניי,חנן בן ארי,100.0,100.0,635ke14KZqjGWRnRpd42w0.txt,1254.0
spotify:track:1tR8hiXhloHvk1U2Lsd3Fn,ציוד כבד,Tuna,381487,28,2025-06-05,hebrew_title,page_without_lyrics,1,https://shironet.mako.co.il/artist?type=lyrics&lang=1&prfid=16260&wrkid=63942,ציוד כבד,טונה,100.0,100.0,,
spotify:track:53vzjmA9qNy7aztCbYUSEG,דמיון חופשי,Eviatar Banai,379491,42,2023-12-28,hebrew_title,review,1,https://shironet.mako.co.il/artist?type=lyrics&lang=1&prfid=173&wrkid=4788,דמיון חופשי,ארקדי דוכין,100.0,40.0,,
spotify:track:4g7rZYobs7dmw5SXagDT55,אצלך בעולם - אקוסטי,"Meir Banai, Eviatar Banai",375211,143,2023-10-19,hebrew_title,accepted,1,https://shironet.mako.co.il/artist?type=lyrics&lang=1&prfid=3126&wrkid=10183,אצלך בעולם,אביתר בנאי ומאיר בנאי,100.0,100.0,4g7rZYobs7dmw5SXagDT55.txt,353.0
spotify:track:0BRrzEO3cefFTdAmfYpGrv,נרקומנים של כאב,Eden Ben Zaken,374665,110,2026-01-15,hebrew_title,not_found,1,https://shironet.mako.co.il/artist?type=lyrics&lang=1&prfid=16843&wrkid=66671,שירים של ידיים,עדן בן זקן,48.3,100.0,,
spotify:track:0ULnHxQqtl25Iyjd0njlPR,מסעדת שף,Eden Ben Zaken,373490,54,2026-01-15,hebrew_title,accepted,1,https://shironet.mako.co.il/artist?type=lyrics&lang=1&prfid=16843&wrkid=65394,מסעדת שף,עדן בן זקן,100.0,100.0,0ULnHxQqtl25Iyjd0njlPR.txt,716.0
spotify:track:6RTcp6RWf1IKkxPp9DRYPz,לא להתאבסס,Anna Zak,372657,103,2024-11-07,hebrew_title,accepted,1,https://shironet.mako.co.il/artist?type=lyrics&lang=1&prfid=20186&wrkid=61891,לא להתאבסס,אנה זק,100.0,100.0,6RTcp6RWf1IKkxPp9DRYPz.txt,1159.0
spotify:track:2BOZaITgFVIcnfSD524zo4,יוני,Peer Tasi,369766,102,2024-05-30,hebrew_title,accepted,1,https://shironet.mako.co.il/artist?type=lyrics&lang=1&prfid=7747&wrkid=60587,יוני,פאר טסי,100.0,100.0,2BOZaITgFVIcnfSD524zo4.txt,596.0
spotify:track:2g443q6iQIqoTWiVIAp2jv,קריוקי פסנתר בסלון,Odeya,364736,112,2025-01-16,hebrew_title,accepted,1,https://shironet.mako.co.il/artist?type=lyrics&lang=1&prfid=22151&wrkid=61565,קריוקי פסנתר בסלון,אודיה אזולאי,100.0,100.0,2g443q6iQIqoTWiVIAp2jv.txt,1360.0
spotify:track:0LqFPyHVwoYxJnZsa3Ji8x,נהר הדמעות,"Shlomo Artzi, Peer Tasi",360495,50,2024-01-25,hebrew_title,accepted,1,https://shironet.mako.co.il/artist?type=lyrics&lang=1&prfid=975&wrkid=59567,נהר הדמעות,שלמה ארצי,100.0,100.0,0LqFPyHVwoYxJnZsa3Ji8x.txt,601.0
spotify:track:0RtgSV3RWOXxqFvlM6MBwE,אוזניות,"Tuna, Peled",357557,35,2025-06-05,hebrew_title,accepted,1,https://shironet.mako.co.il/artist?type=lyrics&lang=1&prfid=6598&wrkid=63789,אוזניות,איתי פלד,100.0,100.0,0RtgSV3RWOXxqFvlM6MBwE.txt,1906.0
spotify:track:0hliYGBRdUfadM7y9mUkGe,האבי,"Tamir Bar, שם טוב האבי, דניאל חן",354095,48,2025-11-20,hebrew_title,not_found,1,https://shironet.mako.co.il/artist?type=lyrics&lang=1&prfid=23505&wrkid=66563,רוצה להיות חבר שלי?,מאור אשכנזי,31.6,44.4,,
spotify:track:5mT0kHqW0vMAjLS9dCGkeM,בזמן האחרון,Idan Amedi,351695,99,2024-01-11,hebrew_title,accepted,1,https://shironet.mako.co.il/artist?type=lyrics&lang=1&prfid=12746&wrkid=35272,בזמן האחרון,עידן עמדי,100.0,100.0,5mT0kHqW0vMAjLS9dCGkeM.txt,574.0
spotify:track:0tx3OWVFMJ5GgrGa9QGFaQ,יש לי חור בלב בצורה שלך,"Girafot, אלמוג",348498,82,2024-10-17,hebrew_title,not_found,1,https://shironet.mako.co.il/artist?type=lyrics&lang=1&prfid=26641&wrkid=67192,בובה על חוט,יהונתן לוי,47.1,50.0,,
spotify:track:1VHwRD9MZUk5mEx93HeFAP,פרפר,Peer Tasi,345543,50,2025-05-22,hebrew_title,review,1,https://shironet.mako.co.il/artist?type=lyrics&lang=1&prfid=92&wrkid=32701,פרפר,אייל גולן,100.0,44.4,,
spotify:track:6zViFnEcDjyOSF1n54BD9P,שיר שלא מצאתי לו שם,Peer Tasi,341272,97,2025-07-03,hebrew_title,accepted,1,https://shironet.mako.co.il/artist?type=lyrics&lang=1&prfid=7747&wrkid=63795,שיר שלא מצאתי לו שם,פאר טסי,100.0,100.0,6zViFnEcDjyOSF1n54BD9P.txt,837.0
spotify:track:7b6htbJnRzDhQL0RyptHvU,חורף באילת,Eden Hason,340098,99,2024-06-27,hebrew_title,not_found,1,https://shironet.mako.co.il/artist?type=lyrics&lang=1&prfid=13834&wrkid=60243,אוי ואבוי,עדן חסון,42.1,100.0,,
spotify:track:6UGXKQw2JzoZ3R27txXljp,שבורי לב,Hanan Ben Ari,336278,126,2023-10-26,hebrew_title,review,1,https://shironet.mako.co.il/artist?type=lyrics&lang=1&prfid=18682&wrkid=43077,לב שבור,חנה אדרי,93.3,66.7,,
spotify:track:4f15d7Qc81qw4LKMAQhfYz,יצאה שבת,Omer Adam,336208,75,2023-10-12,hebrew_title,accepted,1,https://shironet.mako.co.il/artist?type=lyrics&lang=1&prfid=10755&wrkid=57972,יצאה שבת,עומר אדם,100.0,100.0,4f15d7Qc81qw4LKMAQhfYz.txt,1584.0
spotify:track:3W2ivfrQP1kG0Uh5IBJn7P,כד קטן,Yorik Ben David,336159,61,2023-12-07,hebrew_title,review,1,https://shironet.mako.co.il/artist?type=lyrics&lang=1&prfid=806&wrkid=3653,כד קטן,עממי,100.0,40.0,,
spotify:track:33KkOQIrkeKi3kOYwFdCxu,אחי,Hanan Ben Ari,333130,38,2025-09-11,hebrew_title,accepted,1,https://shironet.mako.co.il/artist?type=lyrics&lang=1&prfid=17593&wrkid=64185,אחי,חנן בן ארי,100.0,100.0,33KkOQIrkeKi3kOYwFdCxu.txt,722.0
spotify:track:3rKq9QQzb28Klhwh1LK9nn,אור גדול,Amir Dadon,330206,158,2023-11-23,hebrew_title,accepted,1,https://shironet.mako.co.il/artist?type=lyrics&lang=1&prfid=2349&wrkid=27322,אור גדול,אמיר דדון,100.0,100.0,3rKq9QQzb28Klhwh1LK9nn.txt,438.0
spotify:track:3uarXYLXAPlF4ZU5qUjU7U,היא לא את,Eyal Golan,327805,136,2025-03-13,hebrew_title,review,1,https://shironet.mako.co.il/artist?type=lyrics&lang=1&prfid=2205&wrkid=12271,את לא היא,אתי לוי,100.0,61.5,,
spotify:track:2saHrb2XITEyOmjVfq4EPn,ליפול ולקום,Kapelyo,326878,145,2025-04-17,hebrew_title,review,1,https://shironet.mako.co.il/artist?type=lyrics&lang=1&prfid=23016&wrkid=63417,ליפול ולקום,הדר זכריה,100.0,0.0,,
spotify:track:0ety2yTiWVKeqQeaed4Spj,נחכה לך,"Nathan Goshen, Ishay Ribo",323204,138,2023-10-19,hebrew_title,not_found,1,https://shironet.mako.co.il/artist?type=lyrics&lang=1&prfid=12579&wrkid=45707,אחכה ללילה,נתן גושן,53.3,100.0,,
spotify:track:6JPlSTk7mpboMx3VRxiFTC,אהבה ראשונה,נדב חנציס,320422,13,2026-02-12,hebrew_title,accepted,1,https://shironet.mako.co.il/artist?type=lyrics&lang=1&prfid=26233&wrkid=65569,אהבה ראשונה,נדב חנציס,100.0,100.0,6JPlSTk7mpboMx3VRxiFTC.txt,822.0
spotify:track:2Bc3C1lo6vywOfGM3xjeQ8,יכולה לבד,Odeya,320337,114,2024-11-28,hebrew_title,accepted,1,https://shironet.mako.co.il/artist?type=lyrics&lang=1&prfid=22151&wrkid=61575,יכולה לבד,אודיה אזולאי,100.0,100.0,2Bc3C1lo6vywOfGM3xjeQ8.txt,617.0
spotify:track:350IXqajzWTMSpNT4dxhbU,הולכת איתך,Narkis,319936,114,2024-12-19,hebrew_title,accepted,1,https://shironet.mako.co.il/artist?type=lyrics&lang=1&prfid=20120&wrkid=51768,הולכת איתך,נרקיס,100.0,100.0,350IXqajzWTMSpNT4dxhbU.txt,659.0
spotify:track:64leZqjEDF57DcifREiCwe,טק טק,Eyal Golan,318443,80,2025-03-27,hebrew_title,accepted,1,https://shironet.mako.co.il/artist?type=lyrics&lang=1&prfid=92&wrkid=63591,טק טק,אייל גולן,100.0,94.1,64leZqjEDF57DcifREiCwe.txt,757.0
spotify:track:0OzFG7wUIuRUDA1dcPzlK1,פורחים לשובם,Ishay Ribo,314701,96,2024-03-14,hebrew_title,accepted,1,https://shironet.mako.co.il/artist?type=lyrics&lang=1&prfid=14733&wrkid=59951,פורחים לשובם,ישי ריבו,100.0,100.0,0OzFG7wUIuRUDA1dcPzlK1.txt,824.0
spotify:track:7yxg7ZbljyDzU5xMkrqyTP,מגדלים - לייב מבריכת הסולטן,"STILLA, Ness, Eden Hason",314445,74,2024-10-03,hebrew_title,not_found,1,https://shironet.mako.co.il/artist?type=lyrics&lang=1&prfid=13834&wrkid=57673,מטפסים על הקירות,עדן חסון,39.0,100.0,,
spotify:track:28hmfseWQTUSMuTNuXg4eI,היום קמתי שמח,Hanan Ben Ari,311937,63,2025-01-30,hebrew_title,accepted,1,https://shironet.mako.co.il/artist?type=lyrics&lang=1&prfid=17593&wrkid=62544,היום קמתי שמח,חנן בן ארי,100.0,100.0,28hmfseWQTUSMuTNuXg4eI.txt,1045.0
spotify:track:2qromlkHDFXxm07yhpB63s,לא ביקשתי מלחמה,Kobi Maman,303252,167,2023-11-09,hebrew_title,not_found,1,https://shironet.mako.co.il/artist?type=lyrics&lang=1&prfid=856&wrkid=63195,הפרלמנט הקצבי של העם,קובי אוז,40.0,76.9,,
spotify:track:1Ske3yeMrnTSLAjrWW6lrq,סרט כחול,Rotem Chen,299733,144,2025-07-31,hebrew_title,accepted,1,https://shironet.mako.co.il/artist?type=lyrics&lang=1&prfid=7367&wrkid=63910,סרט כחול,"שירים שנכתבו ע""י רותם חן",100.0,100.0,1Ske3yeMrnTSLAjrWW6lrq.txt,768.0
spotify:track:7daT3ccNiMWGNNHERNv0bI,ראש למעלה,Tuna,295730,37,2025-06-05,hebrew_title,page_without_lyrics,1,https://shironet.mako.co.il/artist?type=lyrics&lang=1&prfid=16260&wrkid=63943,ראש למעלה,טונה,100.0,100.0,,
spotify:track:4XwsyrQZOC7YtrJad0Se0N,יין ופסטה,Odeya,294759,56,2025-03-13,hebrew_title,accepted,1,https://shironet.mako.co.il/artist?type=lyrics&lang=1&prfid=22151&wrkid=62959,יין ופסטה,אודיה אזולאי,100.0,100.0,4XwsyrQZOC7YtrJad0Se0N.txt,1598.0
spotify:track:7xSRAkFFuCp5gAy0sks1PH,ירושלים,מ',293849,91,2025-02-13,hebrew_title,review,1,https://shironet.mako.co.il/artist?type=lyrics&lang=1&prfid=10755&wrkid=51787,ירושלים,עומר אדם,100.0,20.0,,
spotify:track:6FUS9A5cVHAHenMxMszfIL,בעיר שלי,Noam Bettan,292016,105,2026-01-15,hebrew_title,review,1,https://shironet.mako.co.il/artist?type=lyrics&lang=1&prfid=19936&wrkid=52822,בעיר שלי,נועם בתן,100.0,80.0,,
spotify:track:1tYAHtvNKGvCpt3fkXv6Zo,לצאת מדיכאון,יגל אושרי,290804,158,2024-11-21,hebrew_title,accepted,1,https://shironet.mako.co.il/artist?type=lyrics&lang=1&prfid=22735&wrkid=58881,לצאת מדיכאון,יגל אושרי,100.0,100.0,1tYAHtvNKGvCpt3fkXv6Zo.txt,654.0
spotify:track:05rB9PRfCF0MwbaANvs1lj,בואי נדבר,"שירז אברהם, Shlomo Levi",289075,146,2024-03-07,hebrew_title,review,1,https://shironet.mako.co.il/artist?type=lyrics&lang=1&prfid=24321&wrkid=59167,בואי נדבר,ששון איפרם שאולוב,100.0,50.0,,
spotify:track:5KRYlY2elcHmdodMFboaC7,פלוס אחד,Mergui,286043,144,2024-12-12,hebrew_title,not_found,1,https://shironet.mako.co.il/artist?type=lyrics&lang=1&prfid=21907&wrkid=65716,כוכב אחר,מרגי,50.0,100.0,,
spotify:track:3V4B7W0svTALLSvEKZLmoX,יאכטה,Tuna,284799,51,2025-06-05,hebrew_title,review,1,https://shironet.mako.co.il/artist?type=lyrics&lang=1&prfid=4847&wrkid=63979,יאכטה,איתי זבולון,100.0,33.3,,
spotify:track:1JQ7aHjR7IkhbchNYhnrcX,שלחת אליי מבט,נדב חנציס,282827,96,2025-07-17,hebrew_title,accepted,1,https://shironet.mako.co.il/artist?type=lyrics&lang=1&prfid=26233&wrkid=64041,שלחת אלי מבט,נדב חנציס,96.0,100.0,1JQ7aHjR7IkhbchNYhnrcX.txt,885.0
spotify:track:1uNBN0rbqE6dHGA29rnMtx,הדם שלי,"ששון איפרם שאולוב, Odeya",282217,167,2025-02-20,hebrew_title,accepted,1,https://shironet.mako.co.il/artist?type=lyrics&lang=1&prfid=22151&wrkid=59613,הדם שלי,אודיה אזולאי,100.0,100.0,1uNBN0rbqE6dHGA29rnMtx.txt,587.0
spotify:track:1MtOPpL3jV7FmvsduiQqGE,לב שביר,"Eden Hason, ששון איפרם שאולוב",281188,90,2024-09-19,hebrew_title,accepted,1,https://shironet.mako.co.il/artist?type=lyrics&lang=1&prfid=13834&wrkid=61609,לב שביר,עדן חסון,100.0,100.0,1MtOPpL3jV7FmvsduiQqGE.txt,1236.0
spotify:track:1KvOIFIOGKEtbD2SR974fM,עכשיו או לעולם,Idan Rafael Haviv,277580,158,2023-10-26,hebrew_title,accepted,1,https://shironet.mako.co.il/artist?type=lyrics&lang=1&prfid=8853&wrkid=35973,עכשיו או לעולם,עידן חביב,100.0,100.0,1KvOIFIOGKEtbD2SR974fM.txt,447.0
spotify:track:7FO36omE1TR5bm8YUtVkzA,גאולה,Ben Zur,276793,116,2025-10-02,hebrew_title,accepted,1,https://shironet.mako.co.il/artist?type=lyrics&lang=1&prfid=24458&wrkid=64356,גאולה,"שירים שנכתבו ע""י בן ציון חיים צור",100.0,100.0,7FO36omE1TR5bm8YUtVkzA.txt,1178.0
spotify:track:196lkHGqjAKd2gwAGGt9XG,עטלף,Static,275063,126,2024-10-03,hebrew_title,accepted,1,https://shironet.mako.co.il/artist?type=lyrics&lang=1&prfid=20594&wrkid=61278,עטלף,סטטיק,100.0,100.0,196lkHGqjAKd2gwAGGt9XG.txt,1058.0
spotify:track:66LQkHS38PqBwy97zJZuGY,ניצחונות קטנים,Nathan Goshen,274717,115,2024-10-10,hebrew_title,accepted,1,https://shironet.mako.co.il/artist?type=lyrics&lang=1&prfid=12579&wrkid=61828,ניצחונות קטנים,נתן גושן,100.0,100.0,66LQkHS38PqBwy97zJZuGY.txt,884.0
spotify:track:5QkKgRtUczlIQO6nbT90wu,"השם ירחם - מיוחד למצעד הישראלי השנתי תשפ""ה","Tuna, Odeya",273700,110,2025-09-25,hebrew_title,not_found,1,https://shironet.mako.co.il/artist?type=lyrics&lang=1&prfid=22151&wrkid=66368,לא תיקח לי את האושר,אודיה אזולאי,37.3,100.0,,
spotify:track:1EZhkXREwxM3xUokGI9gkJ,Formidable,"הכוכב הבא, Noam Bettan",273281,56,2026-01-22,israeli_artist,not_found,1,https://shironet.mako.co.il/artist?type=lyrics&lang=2&prfid=12569&wrkid=25426,Olympian,Gene,44.4,40.0,,
spotify:track:7inwpGKVgS13Igzdz0m4yu,אין מה לחפש בחוץ,Ravid Plotnik,272354,29,2025-01-16,hebrew_title,accepted,1,https://shironet.mako.co.il/artist?type=lyrics&lang=1&prfid=17619&wrkid=62419,אין מה לחפש בחוץ,רביד פלוטניק,100.0,100.0,7inwpGKVgS13Igzdz0m4yu.txt,1230.0
spotify:track:1qDPbto3jDT2adIya1EfOU,עד העולם הבא,Peer Tasi,271656,72,2025-07-03,hebrew_title,accepted,1,https://shironet.mako.co.il/artist?type=lyrics&lang=1&prfid=7747&wrkid=63777,עד העולם הבא,פאר טסי,100.0,100.0,1qDPbto3jDT2adIya1EfOU.txt,685.0
spotify:track:0ACFJm4VlgvdHs2qvHZ6yG,ואם תבואי אליי,Idan Raichel,271188,140,2025-10-16,hebrew_title,accepted,1,https://shironet.mako.co.il/artist?type=lyrics&lang=1&prfid=1428&wrkid=47208,ואם תבואי אליי,עידן רייכל,100.0,100.0,0ACFJm4VlgvdHs2qvHZ6yG.txt,292.0
spotify:track:04qYVjQ9bRRpJzz5sm7cEk,אם תרצי,Hanan Ben Ari,270125,174,2023-10-12,hebrew_title,accepted,1,https://shironet.mako.co.il/artist?type=lyrics&lang=1&prfid=17593&wrkid=50090,אם תרצי,חנן בן ארי,100.0,100.0,04qYVjQ9bRRpJzz5sm7cEk.txt,572.0
spotify:track:6uc5gCVI30JNif2o4Ahmud,יום כיפור,Jasmin Moallem,266830,41,2024-02-15,hebrew_title,accepted,1,https://shironet.mako.co.il/artist?type=lyrics&lang=1&prfid=22199&wrkid=59692,יום כיפור,יסמין מועלם,100.0,100.0,6uc5gCVI30JNif2o4Ahmud.txt,710.0
spotify:track:2QRnt06N6pOC8PwZnGbJB4,סתכלי למעלה,Hanan Ben Ari,258371,85,2026-01-22,hebrew_title,accepted,1,https://shironet.mako.co.il/artist?type=lyrics&lang=1&prfid=17593&wrkid=65482,סתכלי למעלה,חנן בן ארי,100.0,100.0,2QRnt06N6pOC8PwZnGbJB4.txt,766.0
spotify:track:54WbiFSE71t4GwNln4Z2fe,שיר לנטע,ניר כנען,255612,134,2024-12-05,hebrew_title,accepted,1,https://shironet.mako.co.il/artist?type=lyrics&lang=1&prfid=25783&wrkid=62584,שיר לנטע,ניר כנען,100.0,100.0,54WbiFSE71t4GwNln4Z2fe.txt,937.0
spotify:track:6wp8MFCXy2U6hAoLGnlxJn,מסיבה,"Jasmin Moallem, Shekel",252916,140,2023-10-26,hebrew_title,accepted,1,https://shironet.mako.co.il/artist?type=lyrics&lang=1&prfid=22199&wrkid=51928,מסיבה,יסמין מועלם,100.0,100.0,6wp8MFCXy2U6hAoLGnlxJn.txt,1672.0
spotify:track:7v7nrrYMIdugbGRAseawG9,DEJA VU,Noa Kirel,252889,54,2023-10-12,israeli_artist,review,1,https://shironet.mako.co.il/artist?type=lyrics&lang=2&prfid=36565&wrkid=86514,Deja Vu,Inna,100.0,57.1,,
spotify:track:1we4dRjRJnYc7lCoveGCqP,רכבת זהב,"Peer Tasi, Talisman",249057,88,2025-07-03,hebrew_title,accepted,1,https://shironet.mako.co.il/artist?type=lyrics&lang=1&prfid=7747&wrkid=63780,רכבת זהב,פאר טסי,100.0,100.0,1we4dRjRJnYc7lCoveGCqP.txt,1483.0
spotify:track:6VyockgkLKCpigtLna4cTG,מפחד להתגבר עלייך?,נדב חנציס,247494,31,2026-02-12,hebrew_title,accepted,1,https://shironet.mako.co.il/artist?type=lyrics&lang=1&prfid=26233&wrkid=65570,מפחד להתגבר עליך,נדב חנציס,97.0,100.0,6VyockgkLKCpigtLna4cTG.txt,986.0
spotify:track:2ulZJJAN7oso1goAOnGiFI,ישתבח,Peer Tasi,242487,107,2025-07-03,hebrew_title,accepted,1,https://shironet.mako.co.il/artist?type=lyrics&lang=1&prfid=7747&wrkid=63779,ישתבח,פאר טסי,100.0,100.0,2ulZJJAN7oso1goAOnGiFI.txt,753.0
spotify:track:6dUregFbvUNqHP5nphqesK,Unicorn,"Noa Kirel, כאן - תאגיד השידור הישראלי",241725,69,2023-10-12,israeli_artist,review,1,https://shironet.mako.co.il/artist?type=lyrics&lang=2&prfid=34421&wrkid=66649,Unicorn,Wizard,100.0,40.0,,
spotify:track:7oHfFOSwmpOVB0dmqQVihX,בוכה כמו צונאמי,Ben Chen,240721,134,2025-05-01,hebrew_title,accepted,1,https://shironet.mako.co.il/artist?type=lyrics&lang=1&prfid=23966&wrkid=62786,בוכה כמו צונאמי,בן חן,100.0,100.0,7oHfFOSwmpOVB0dmqQVihX.txt,735.0
spotify:track:04BEjO8G5HQM24fAvAv1cR,סוף סוף אני,Eden Hason,240095,97,2024-11-21,hebrew_title,not_found,1,https://shironet.mako.co.il/artist?type=lyrics&lang=1&prfid=13834&wrkid=60243,אוי ואבוי,עדן חסון,50.0,100.0,,
spotify:track:0op6IBN7AhDJEsYl4KpBcH,לא ידעתי שתלכי ממני,"הכוכב הבא, אור כהן",237574,68,2024-02-01,hebrew_title,review,1,https://shironet.mako.co.il/artist?type=lyrics&lang=1&prfid=41&wrkid=1811,לא ידעתי שתלכי ממני,אביתר בנאי,100.0,46.2,,
spotify:track:3LBSTYr6obFNcK0iICM0Dg,מה עשית לי,Eden Hason,236619,85,2024-06-27,hebrew_title,review,1,https://shironet.mako.co.il/artist?type=lyrics&lang=1&prfid=1183&wrkid=11622,מה עשית לי,יוסי עדן,100.0,62.5,,
spotify:track:15F9JWEQMs4TwKKwJaANPM,לא יפריד דבר,Danny Sanderson,236091,191,2024-11-28,hebrew_title,accepted,1,https://shironet.mako.co.il/artist?type=lyrics&lang=1&prfid=314&wrkid=25931,לא יפריד דבר,דני סנדרסון,100.0,100.0,15F9JWEQMs4TwKKwJaANPM.txt,485.0
spotify:track:4nMxpuGZwC3u3yOECONK76,לתת ולקחת,"Shlomo Artzi, Dudu Tassa",234796,172,2025-05-08,hebrew_title,accepted,1,https://shironet.mako.co.il/artist?type=lyrics&lang=1&prfid=14541&wrkid=33438,לתת ולקחת,שלמה ארצי ודודו טסה,100.0,100.0,4nMxpuGZwC3u3yOECONK76.txt,529.0
spotify:track:2X0xtXo2To1ZMWVn5OmFZP,מה היית משנה בי,Odeya,232712,77,2025-03-13,hebrew_title,accepted,1,https://shironet.mako.co.il/artist?type=lyrics&lang=1&prfid=22151&wrkid=62960,מה היית משנה בי?,אודיה אזולאי,100.0,100.0,2X0xtXo2To1ZMWVn5OmFZP.txt,869.0
spotify:track:6TKjmsOfHzgVhn1L4LoJN2,קחי לך זמן,"הכוכב הבא, דניאל עזר, Tamir Levy",231062,117,2026-01-08,hebrew_title,review,1,https://shironet.mako.co.il/artist?type=lyrics&lang=1&prfid=549&wrkid=6687,קחי לך זמן,יציאת חירום,100.0,44.4,,
spotify:track:4PA5UwwLNIPUoAoIkwBTjr,מכה אפורה,Monica Sex,228196,167,2024-05-02,hebrew_title,accepted,1,https://shironet.mako.co.il/artist?type=lyrics&lang=1&prfid=617&wrkid=2143,מכה אפורה,מוניקה סקס,100.0,100.0,4PA5UwwLNIPUoAoIkwBTjr.txt,715.0
spotify:track:6BwmUxwyDCz4CzcYGJyrOI,לתת ולקחת,"הכוכב הבא, Noam Bettan",228097,62,2026-01-22,hebrew_title,review,1,https://shironet.mako.co.il/artist?type=lyrics&lang=1&prfid=8853&wrkid=46888,לתת לקחת,עידן חביב,94.1,42.9,,
spotify:track:58NBSNdG8s0jSikjPRmdjS,סביבון,Hana Laszlo,225797,73,2023-12-07,hebrew_title,review,1,https://shironet.mako.co.il/artist?type=lyrics&lang=1&prfid=2315&wrkid=19620,סביבון,חבורת רננים,100.0,36.4,,
spotify:track:5L9736UQGwCXyT3rRU9fR7,חי (שיר הנושא מתוך לשחרר את שולי סאן),Omer Adam,224413,50,2025-08-14,hebrew_title,review,1,https://shironet.mako.co.il/artist?type=lyrics&lang=1&prfid=10755&wrkid=38871,אחי,עומר אדם,80.0,100.0,,
spotify:track:0wEqTKnu9Hy3ejZZOgLbZb,אהבה רק של לילה,הגר יפת,223158,97,2024-02-22,hebrew_title,not_found,1,https://shironet.mako.co.il/artist?type=lyrics&lang=1&prfid=23655&wrkid=65822,תפילה של מישהו אחר,הדר שושן,42.4,54.5,,
spotify:track:4f8ym2kd2ptaLBVF2f8sAC,פוליטיקה,Odeya,222250,60,2024-02-08,hebrew_title,accepted,1,https://shironet.mako.co.il/artist?type=lyrics&lang=1&prfid=22151&wrkid=59683,פוליטיקה,אודיה אזולאי,100.0,100.0,4f8ym2kd2ptaLBVF2f8sAC.txt,658.0
spotify:track:64X7IM9ZENFkjZDOVGnxCh,ראש הממשלה,Noa Kirel,221487,116,2025-07-17,hebrew_title,accepted,1,https://shironet.mako.co.il/artist?type=lyrics&lang=1&prfid=18493&wrkid=63938,ראש הממשלה,נועה קירל,100.0,100.0,64X7IM9ZENFkjZDOVGnxCh.txt,817.0
spotify:track:1KMT5j1608afIjko14UBNP,רק הזמן,Jasmin Moallem,220738,70,2024-10-03,hebrew_title,accepted,1,https://shironet.mako.co.il/artist?type=lyrics&lang=1&prfid=22199&wrkid=61719,רק הזמן,יסמין מועלם,100.0,100.0,1KMT5j1608afIjko14UBNP.txt,969.0
spotify:track:14E0fPijhRbA3mY0Tq96VP,שווארמה,Ravid Plotnik,220606,154,2023-11-30,hebrew_title,not_found,1,https://shironet.mako.co.il/artist?type=lyrics&lang=1&prfid=17619&wrkid=62420,בורות היא ברכה,רביד פלוטניק,52.6,100.0,,
spotify:track:03xj0hH3QciSk13SsfFgSp,הייתי חוזרת,Eden Ben Zaken,218841,122,2025-11-27,hebrew_title,accepted,1,https://shironet.mako.co.il/artist?type=lyrics&lang=1&prfid=16843&wrkid=44099,הייתי חוזרת,עדן בן זקן,100.0,100.0,03xj0hH3QciSk13SsfFgSp.txt,617.0
spotify:track:2edVP7ujjhYSoZ308dpEpW,בן אדם,Odeya,218031,20,2024-08-29,hebrew_title,accepted,1,https://shironet.mako.co.il/artist?type=lyrics&lang=1&prfid=22151&wrkid=61326,בן אדם,אודיה אזולאי,100.0,100.0,2edVP7ujjhYSoZ308dpEpW.txt,829.0
spotify:track:641ioKV4sLGvNahKTICQmt,פיראטים,Tuna,214508,49,2025-06-05,hebrew_title,page_without_lyrics,1,https://shironet.mako.co.il/artist?type=lyrics&lang=1&prfid=16260&wrkid=63948,פיראטים,טונה,100.0,100.0,,
spotify:track:7eryoo7Obzh5KJI9jcYAFy,תחת אש,Tuna,212528,48,2025-06-05,hebrew_title,review,1,https://shironet.mako.co.il/artist?type=lyrics&lang=1&prfid=4847&wrkid=63787,תחת אש,איתי זבולון,100.0,33.3,,
spotify:track:7vlw3ezpsoXCBONhNXLOcV,גם זה יעבור,Tuna,212518,180,2023-11-09,hebrew_title,accepted,1,https://shironet.mako.co.il/artist?type=lyrics&lang=1&prfid=16260&wrkid=39576,גם זה יעבור,טונה,100.0,100.0,7vlw3ezpsoXCBONhNXLOcV.txt,2040.0
spotify:track:1kOrrpPVVjC39JpQREIqJk,התיקון הכללי,Peer Tasi,208958,158,2025-05-29,hebrew_title,accepted,1,https://shironet.mako.co.il/artist?type=lyrics&lang=1&prfid=7747&wrkid=56525,התיקון הכללי,פאר טסי,100.0,100.0,1kOrrpPVVjC39JpQREIqJk.txt,912.0
spotify:track:51PzbTl2iCV0Vcu6BaHJdv,Dernière Danse,"הכוכב הבא, Noam Bettan",208239,67,2026-01-29,israeli_artist,not_found,1,,,,,,,
spotify:track:5HhVbTC6HGflJs0I2LHHxf,רציתי,Eden Ben Zaken,208200,143,2025-09-04,hebrew_title,not_found,1,https://shironet.mako.co.il/artist?type=lyrics&lang=1&prfid=16843&wrkid=65393,תחזור אליי,עדן בן זקן,42.9,100.0,,
spotify:track:6Uk0HOyZ3MVw0Mg55Gvxj8,שיהיה לך טוב,Noa Kirel,207608,121,2024-09-12,hebrew_title,accepted,1,https://shironet.mako.co.il/artist?type=lyrics&lang=1&prfid=18493&wrkid=61454,שיהיה לך טוב,נועה קירל,100.0,100.0,6Uk0HOyZ3MVw0Mg55Gvxj8.txt,1066.0
spotify:track:4KUZyKmVNDWi7hJZAQhoi8,זה יקר,Peer Tasi,207375,77,2025-07-03,hebrew_title,accepted,1,https://shironet.mako.co.il/artist?type=lyrics&lang=1&prfid=7747&wrkid=63772,זה יקר,פאר טסי,100.0,100.0,4KUZyKmVNDWi7hJZAQhoi8.txt,855.0
spotify:track:77hre9TJEQOFgciNAAlEMQ,אהובה שלי,Eden Hason,206318,93,2023-12-21,hebrew_title,review,1,https://shironet.mako.co.il/artist?type=lyrics&lang=1&prfid=4592&wrkid=23719,אהובה שלי,דודו אהרון,100.0,50.0,,
spotify:track:51tRSwj5gHWjBO3xNfhwpD,לדרכי לדרכך,Peer Tasi,204583,79,2025-07-03,hebrew_title,accepted,1,https://shironet.mako.co.il/artist?type=lyrics&lang=1&prfid=7747&wrkid=63773,לדרכי לדרכך,פאר טסי,100.0,100.0,51tRSwj5gHWjBO3xNfhwpD.txt,467.0
spotify:track:7Jczj2J8z1CnhrYCIc5Apm,אל תפחד,Eviatar Banai,204407,43,2023-12-28,hebrew_title,review,1,https://shironet.mako.co.il/artist?type=lyrics&lang=1&prfid=57&wrkid=4392,אל תפחד,אהוד בנאי,100.0,71.4,,
spotify:track:2tdu3ZAQuS6TF1SCaokpGG,משנכנס אדר 2023,"ישראל סוסנה ותזמורתו, DJ יהודה מור",203328,74,2024-03-28,hebrew_title,not_found,1,,,,,,,
spotify:track:3VpqFdoAiNJZW8tqjWPl2E,יש לך אותך,"Miri Mesika, Mika Moshe",203159,83,2023-12-14,hebrew_title,accepted,1,https://shironet.mako.co.il/artist?type=lyrics&lang=1&prfid=4226&wrkid=60109,יש לך אותך,מירי מסיקה,100.0,100.0,3VpqFdoAiNJZW8tqjWPl2E.txt,838.0
spotify:track:4GLfvVXJvSxsNdHa1sjB0D,מה אעשה,Eviatar Banai,201842,49,2023-12-28,hebrew_title,review,1,https://shironet.mako.co.il/artist?type=lyrics&lang=1&prfid=6145&wrkid=20857,מה אעשה,ארז לב ארי,100.0,62.5,,
spotify:track:5F9TcMmOvnjVu7zCNWrJ7H,לא המשוגע היחידי,Hanan Ben Ari,201267,69,2026-01-22,hebrew_title,accepted,1,https://shironet.mako.co.il/artist?type=lyrics&lang=1&prfid=17593&wrkid=64697,לא המשוגע היחידי,חנן בן ארי,100.0,100.0,5F9TcMmOvnjVu7zCNWrJ7H.txt,1620.0
spotify:track:5gdKaAkYMDJCEOFSgjx0Wd,בחורים טובים,Omer Adam,200396,154,2025-02-27,hebrew_title,not_found,1,https://shironet.mako.co.il/artist?type=lyrics&lang=1&prfid=10755&wrkid=55037,אחים בדם,עומר אדם,60.0,100.0,,
spotify:track:3BX9e9v3D01YUuQUbN225e,יושב לי על הלב,Jasmin Moallem,199537,70,2025-07-17,hebrew_title,accepted,1,https://shironet.mako.co.il/artist?type=lyrics&lang=1&prfid=22199&wrkid=63942,יושב לי על הלב,יסמין מועלם,100.0,100.0,3BX9e9v3D01YUuQUbN225e.txt,901.0
spotify:track:7tTIR0l32c7GPv7tipMLNT,קו הדימיון,Peer Tasi,197181,95,2025-07-03,hebrew_title,accepted,1,https://shironet.mako.co.il/artist?type=lyrics&lang=1&prfid=7747&wrkid=63801,קו הדמיון,פאר טסי,94.7,100.0,7tTIR0l32c7GPv7tipMLNT.txt,810.0
spotify:track:0K9WrtfzrnNgFgo18qwPs3,טרמינולוגיה,Peer Tasi,197058,96,2025-07-03,hebrew_title,accepted,1,https://shironet.mako.co.il/artist?type=lyrics&lang=1&prfid=7747&wrkid=63802,טרמינלוגיה,פאר טסי,95.2,100.0,0K9WrtfzrnNgFgo18qwPs3.txt,588.0
spotify:track:1uJ95oDCyVPMLE7q34RDm9,אלייך,Idan Amedi,195677,112,2024-01-11,hebrew_title,accepted,1,https://shironet.mako.co.il/artist?type=lyrics&lang=1&prfid=12746&wrkid=31956,אלייך,עידן עמדי,100.0,100.0,1uJ95oDCyVPMLE7q34RDm9.txt,623.0
spotify:track:1RgcguEJ0u7iERSNP8jyZQ,חברים שלי,LIAD MEIR,194903,45,2026-02-12,hebrew_title,review,1,https://shironet.mako.co.il/artist?type=lyrics&lang=1&prfid=370&wrkid=8649,חברים שלי,זאב טנא,100.0,33.3,,
spotify:track:7vn9SIc4NraLuIMzUeCK2o,שרק תחייך,Yuval Dayan,194834,122,2023-10-19,hebrew_title,review,1,https://shironet.mako.co.il/artist?type=lyrics&lang=1&prfid=5753&wrkid=48240,רק תחייך,יובל טייב,94.1,82.4,,
spotify:track:12MLkjwb8FbUtPLhoUC2Nc,שוטים,"DUDA, LIAD MEIR",193895,90,2023-10-12,hebrew_title,not_found,1,https://shironet.mako.co.il/artist?type=lyrics&lang=1&prfid=24768&wrkid=66796,אובססיבית,ליעד מאיר,28.6,100.0,,
spotify:track:1V87lrAqStoF1zp7BjxEkE,זה עלינו,"Subliminal, The Shadow, Raviv Kaner",193684,52,2024-02-15,hebrew_title,accepted,1,https://shironet.mako.co.il/artist?type=lyrics&lang=1&prfid=22717&wrkid=59663,זה עלינו,רביב כנר,100.0,100.0,1V87lrAqStoF1zp7BjxEkE.txt,2337.0
spotify:track:1HH4IitAuYbMnZ4PYb2O5I,פתאום אהבה,Itay Levi,193670,140,2025-02-20,hebrew_title,not_found,1,https://shironet.mako.co.il/artist?type=lyrics&lang=1&prfid=15629&wrkid=55561,אפטר אמאלה,איתי לוי,44.4,100.0,,
spotify:track:4YyBknIQMThdfviQvH8b4B,מילים ודמעות,שירז אברהם,193156,132,2025-05-08,hebrew_title,accepted,1,https://shironet.mako.co.il/artist?type=lyrics&lang=1&prfid=24858&wrkid=63093,מילים ודמעות,שירז אברהם,100.0,100.0,4YyBknIQMThdfviQvH8b4B.txt,682.0
spotify:track:0IrfyUXDhomVvoP9MpUuH1,יש לך אותי,"Ravid Plotnik, Shai Tsabari",192466,36,2025-01-16,hebrew_title,accepted,1,https://shironet.mako.co.il/artist?type=lyrics&lang=1&prfid=17619&wrkid=62418,יש לך אותי,רביד פלוטניק,100.0,100.0,0IrfyUXDhomVvoP9MpUuH1.txt,1054.0
spotify:track:0wdMMMH79A2sD6S6sdDGzt,מדינה כואבת,ששון איפרם שאולוב,188150,170,2023-12-21,hebrew_title,accepted,1,https://shironet.mako.co.il/artist?type=lyrics&lang=1&prfid=24321&wrkid=59328,מדינה כואבת,ששון איפרם שאולוב,100.0,100.0,0wdMMMH79A2sD6S6sdDGzt.txt,764.0
spotify:track:67PF7VLcYEKKF82ziNf9Ur,דובשנייה,"Shahar Saul, Agam Buhbut, NOROZ",180436,184,2024-04-18,hebrew_title,accepted,1,https://shironet.mako.co.il/artist?type=lyrics&lang=1&prfid=15227&wrkid=53478,דובשנייה,אגם בוחבוט,100.0,100.0,67PF7VLcYEKKF82ziNf9Ur.txt,1426.0
spotify:track:1nMRFLyQ9PtgOkHaOg2g2W,ניצחת איתי הכל,"הכוכב הבא, Noam Bettan",179259,119,2026-01-29,hebrew_title,review,1,https://shironet.mako.co.il/artist?type=lyrics&lang=1&prfid=965&wrkid=10000,ניצחת איתי הכל,שלומי שבן,100.0,54.5,,
spotify:track:40eCbLoXl1zctJeGNdBA9P,אין לזה סוף,Tuna,177806,53,2025-06-05,hebrew_title,page_without_lyrics,1,https://shironet.mako.co.il/artist?type=lyrics&lang=1&prfid=16260&wrkid=63949,אין לזה סוף,טונה,100.0,100.0,,
spotify:track:7pLU1N4f871QqtSckS8nvB,ללמוד לעוף,Akiva,177254,81,2024-06-13,hebrew_title,accepted,1,https://shironet.mako.co.il/artist?type=lyrics&lang=1&prfid=21053&wrkid=60748,ללמוד לעוף,עקיבא תורגמן,100.0,100.0,7pLU1N4f871QqtSckS8nvB.txt,772.0
spotify:track:1swboSknFOZcgiVylqNziA,מי עוד יחכה לך,Eyal Golan,176801,73,2024-03-28,hebrew_title,accepted,1,https://shironet.mako.co.il/artist?type=lyrics&lang=1&prfid=92&wrkid=60308,מי עוד יחכה לך,אייל גולן,100.0,94.1,1swboSknFOZcgiVylqNziA.txt,753.0
spotify:track:2MtS1bZ0N4qidWjD0qa0J7,האזרח הקטן,"שם טוב האבי, Tamir Bar, Jimbo J",176146,118,2025-11-20,hebrew_title,not_found,1,https://shironet.mako.co.il/artist?type=lyrics&lang=1&prfid=25256&wrkid=59868,האזרח הקטן משדרות,פרויקט עוטף ישראל,75.0,36.4,,
spotify:track:29ZGOiRf0t8zjvz5JwwdM4,ילד מטריה,עטרה אוריה,173268,107,2023-10-12,hebrew_title,accepted,1,https://shironet.mako.co.il/artist?type=lyrics&lang=1&prfid=25153&wrkid=62039,ילד מטריה,עטרה אוריה,100.0,100.0,29ZGOiRf0t8zjvz5JwwdM4.txt,1421.0
spotify:track:5agR1z70SsxJ6e5BwIOWrs,וויו וויו,Tuna,172372,56,2025-06-05,hebrew_title,page_without_lyrics,1,https://shironet.mako.co.il/artist?type=lyrics&lang=1&prfid=16260&wrkid=63946,וויו וויו,טונה,100.0,100.0,,
spotify:track:70Vsir4Wan3TrEzGCIZy0l,ככה כל יום,Eden Hason,171789,148,2023-11-02,hebrew_title,not_found,1,https://shironet.mako.co.il/artist?type=lyrics&lang=1&prfid=13834&wrkid=57944,לאהוב אותך כל יום,עדן חסון,54.5,100.0,,
spotify:track:3eNp25VPeqvYS1RrGhGcVY,עד שנגמר,Kobi Maman,171756,155,2023-11-23,hebrew_title,not_found,1,https://shironet.mako.co.il/artist?type=lyrics&lang=1&prfid=17746&wrkid=52803,עד שזה נגמר,בניה ברבי,87.5,46.2,,
spotify:track:7newwohhZF0c73aLIqNhtz,סוויץ',"Eden Golan, Shahar Tavoch, Participants of Festigal",171327,126,2025-12-25,hebrew_title,accepted,1,https://shironet.mako.co.il/artist?type=lyrics&lang=1&prfid=25357&wrkid=65277,סוויץ',עדן גולן,100.0,100.0,7newwohhZF0c73aLIqNhtz.txt,1465.0
spotify:track:1HzrNvgVZBerBXdBBteFrG,שום דבר אחר,Idan Amedi,170320,98,2025-01-09,hebrew_title,accepted,1,https://shironet.mako.co.il/artist?type=lyrics&lang=1&prfid=12746&wrkid=62308,שום דבר אחר,עידן עמדי,100.0,100.0,1HzrNvgVZBerBXdBBteFrG.txt,895.0
spotify:track:0OL7DSjlGv17x2VvCeZYve,לילה טוב אהובה,"Ravid Plotnik, Z.K",168869,49,2025-01-16,hebrew_title,accepted,1,https://shironet.mako.co.il/artist?type=lyrics&lang=1&prfid=17619&wrkid=62422,לילה טוב אהובה,רביד פלוטניק,100.0,100.0,0OL7DSjlGv17x2VvCeZYve.txt,1548.0
spotify:track:0I6rh1Fz1zmJZARsxyo7v6,צבעים,"Gil Vain, Ron Buhnik",167795,176,2023-10-26,hebrew_title,review,1,https://shironet.mako.co.il/artist?type=lyrics&lang=1&prfid=488&wrkid=41402,צבעים,יוני רועה,100.0,63.2,,
spotify:track:6W2tGdihSWtBIjooCZl35U,בחורים טובים - Acoustic Live,Omer Adam,166450,61,2024-02-08,hebrew_title,not_found,1,https://shironet.mako.co.il/artist?type=lyrics&lang=1&prfid=10755&wrkid=55037,אחים בדם,עומר אדם,60.0,100.0,,
spotify:track:4T87Z2bkvgdLI9sECWYF7i,אהבת חיי,Hanan Ben Ari,165109,59,2025-12-11,hebrew_title,accepted,1,https://shironet.mako.co.il/artist?type=lyrics&lang=1&prfid=17593&wrkid=65180,אהבת חיי,חנן בן ארי,100.0,100.0,4T87Z2bkvgdLI9sECWYF7i.txt,822.0
spotify:track:6rcBqE9ivxXzLebejJbdqb,שיר לטל 2,Peer Tasi,162724,132,2025-07-03,hebrew_title,accepted,1,https://shironet.mako.co.il/artist?type=lyrics&lang=1&prfid=7747&wrkid=63798,שיר לטל 2,פאר טסי,100.0,100.0,6rcBqE9ivxXzLebejJbdqb.txt,678.0
spotify:track:0g8AjHiTKGUrJbcfpsAnkO,It's So Hard,"Red Band, Moran Aharoni, הכוכב הבא",161840,87,2024-12-26,israeli_artist,review,1,https://shironet.mako.co.il/artist?type=lyrics&lang=2&prfid=16154&wrkid=31294,It's So Hard,John Lennon,100.0,45.5,,
spotify:track:4Od2pzQuJXMpaClr2IwxjR,עובד בכפר,Odeya,161676,49,2024-08-29,hebrew_title,accepted,1,https://shironet.mako.co.il/artist?type=lyrics&lang=1&prfid=22151&wrkid=61573,עובד בכפר,אודיה אזולאי,100.0,100.0,4Od2pzQuJXMpaClr2IwxjR.txt,1448.0
spotify:track:6RynrY285pqy0qVxfgWENI,בורות היא ברכה,Ravid Plotnik,161516,50,2025-01-16,hebrew_title,accepted,1,https://shironet.mako.co.il/artist?type=lyrics&lang=1&prfid=17619&wrkid=62420,בורות היא ברכה,רביד פלוטניק,100.0,100.0,6RynrY285pqy0qVxfgWENI.txt,1879.0
spotify:track:1BKnTTe1uMleZdK5LndnLz,אין אני,Shotei Hanevuah,160666,163,2025-11-20,hebrew_title,accepted,1,https://shironet.mako.co.il/artist?type=lyrics&lang=1&prfid=1255&wrkid=3805,אין אני,שוטי הנבואה,100.0,100.0,1BKnTTe1uMleZdK5LndnLz.txt,288.0
spotify:track:5orJto3LxfslzVPzNcLnVa,היסטוריה,"עידו מלכה, מאיה קיי, Participants of Festigal",159542,148,2025-12-25,hebrew_title,review,1,https://shironet.mako.co.il/artist?type=lyrics&lang=1&prfid=16090&wrkid=50141,היסטוריה,עומר קורן,100.0,50.0,,
spotify:track:2E6XQlslDde0slMQqttEcZ,7 דקות (עם מרגי),"Anna Zak, Participants of Festigal",158138,152,2025-12-25,hebrew_title,not_found,1,https://shironet.mako.co.il/artist?type=lyrics&lang=1&prfid=20186&wrkid=50744,קוביות,אנה זק,54.5,100.0,,
spotify:track:1oWX8BHeUoSE6TuFFW7Jao,גלות לוס אנג'לס,Ravid Plotnik,157968,52,2025-01-16,hebrew_title,accepted,1,https://shironet.mako.co.il/artist?type=lyrics&lang=1&prfid=17619&wrkid=62421,גלות לוס אנג'לס,רביד פלוטניק,100.0,100.0,1oWX8BHeUoSE6TuFFW7Jao.txt,1132.0
spotify:track:2z8Pw4rciTCjB1urO5oU0g,יש לי חור בלב בצורה שלך,"Girafot, אלמוג",157524,115,2024-11-28,hebrew_title,not_found,1,https://shironet.mako.co.il/artist?type=lyrics&lang=1&prfid=26641&wrkid=67192,בובה על חוט,יהונתן לוי,47.1,50.0,,
spotify:track:706pZPUcsKsREHM8RqHaY0,ממה את מפחדת,"Eyal Golan, Benaia Barabi",156634,131,2024-03-21,hebrew_title,not_found,1,https://shironet.mako.co.il/artist?type=lyrics&lang=1&prfid=17746&wrkid=50244,קחי את הפחדים,בניה ברבי,56.0,100.0,,
spotify:track:3hfCKjP17sODA1gKE7lqfS,ילד פריפריה,Tuna,156321,69,2025-06-05,hebrew_title,page_without_lyrics,1,https://shironet.mako.co.il/artist?type=lyrics&lang=1&prfid=16260&wrkid=63950,ילד פריפריה,טונה,100.0,100.0,,
spotify:track:4JkX2aIE18SSvZ75JP0zr9,שתיתי,"Peer Tasi, Alon De Loco",156270,152,2025-03-27,hebrew_title,not_found,1,https://shironet.mako.co.il/artist?type=lyrics&lang=1&prfid=7747&wrkid=66499,שיר האותיות,פאר טסי,53.3,100.0,,
spotify:track:5MHyLRHEoMx9eFjqRIkLMq,איזה מזל,"Hatikva 6, Ravid Plotnik",155451,153,2025-08-28,hebrew_title,accepted,1,https://shironet.mako.co.il/artist?type=lyrics&lang=1&prfid=17619&wrkid=64131,איזה מזל,רביד פלוטניק,100.0,100.0,5MHyLRHEoMx9eFjqRIkLMq.txt,920.0
spotify:track:6RcTTHWHpAFfqqzPpabh9m,בית,DUDA,155371,132,2025-05-15,hebrew_title,not_found,1,https://shironet.mako.co.il/artist?type=lyrics&lang=1&prfid=3706&wrkid=66625,שיר של בית,קובי אפללו,54.5,40.0,,
spotify:track:4bRmijiqGQQ9ean2MUPaS8,לבד במדבר,Guy Mazig,153909,166,2026-01-08,hebrew_title,accepted,1,https://shironet.mako.co.il/artist?type=lyrics&lang=1&prfid=2142&wrkid=39273,לבד במדבר,גיא מזיג,100.0,100.0,4bRmijiqGQQ9ean2MUPaS8.txt,834.0
spotify:track:4rlaGqWwl1cM6EPERYODrw,פשוטים,Akiva,151865,159,2023-10-26,hebrew_title,not_found,1,https://shironet.mako.co.il/artist?type=lyrics&lang=1&prfid=19260&wrkid=44812,שיבוא טוב,עקיבא תורג'מן,42.9,100.0,,
spotify:track:42O0lr6qe2jiacLV9QD9m6,מאמי זה נגמר,Omer Adam,150004,133,2024-09-26,hebrew_title,accepted,1,https://shironet.mako.co.il/artist?type=lyrics&lang=1&prfid=10755&wrkid=32673,מאמי זה נגמר,עומר אדם,100.0,100.0,42O0lr6qe2jiacLV9QD9m6.txt,1133.0
spotify:track:7kjQPQRJnTfHqK79Zq7fEC,בחשכה (הכל זה גם וגם),Ravid Plotnik,149665,56,2025-01-16,hebrew_title,accepted,1,https://shironet.mako.co.il/artist?type=lyrics&lang=1&prfid=17619&wrkid=62423,בחשכה,רביד פלוטניק,100.0,100.0,7kjQPQRJnTfHqK79Zq7fEC.txt,2431.0
spotify:track:0MfWHHhwbngtVNrHc5Nzra,לב אחר,Eyal Golan,149429,140,2025-04-10,hebrew_title,accepted,1,https://shironet.mako.co.il/artist?type=lyrics&lang=1&prfid=92&wrkid=63584,לב אחר,אייל גולן,100.0,94.1,0MfWHHhwbngtVNrHc5Nzra.txt,736.0
spotify:track:1lMyhrAecYTqx4IIBTF9KD,נר לכל לילה,Eyal Golan,148650,108,2025-01-30,hebrew_title,accepted,1,https://shironet.mako.co.il/artist?type=lyrics&lang=1&prfid=92&wrkid=63592,נר לכל לילה,אייל גולן,100.0,94.1,1lMyhrAecYTqx4IIBTF9KD.txt,515.0
spotify:track:0q3yDDxPh0k5nvgh2SPcsS,אין יותר מועדונים,Eden Hason,148563,127,2024-01-04,hebrew_title,not_found,1,https://shironet.mako.co.il/artist?type=lyrics&lang=1&prfid=13834&wrkid=51696,שושנים עצובות,עדן חסון,46.7,100.0,,
spotify:track:50H3wtxQmT8jlFXLxeNI69,הבוקר יעלה,Ishay Ribo,148345,177,2023-10-19,hebrew_title,accepted,1,https://shironet.mako.co.il/artist?type=lyrics&lang=1&prfid=14733&wrkid=47092,הבוקר יעלה,ישי ריבו,100.0,100.0,50H3wtxQmT8jlFXLxeNI69.txt,341.0
spotify:track:4Yw9bTgtRGvRZpQXEWhqcK,השמחה / מדברים על שלום,"Omer Adam, ShrekDiMC",148325,110,2023-12-07,hebrew_title,not_found,2,https://shironet.mako.co.il/artist?type=lyrics&lang=1&prfid=10755&wrkid=53914 | https://shironet.mako.co.il/artist?type=lyrics&lang=1&prfid=620&wrkid=2039,אחרי החתונה | מדברים על שלום,עומר אדם | מוקי,40.0,33.3,,
spotify:track:7jOj3rkzXCrwkq8xSeFxpd,השיר של תמר,Agam Buhbut,148021,195,2025-12-11,hebrew_title,accepted,1,https://shironet.mako.co.il/artist?type=lyrics&lang=1&prfid=15227&wrkid=64665,השיר של תמר,אגם בוחבוט,100.0,100.0,7jOj3rkzXCrwkq8xSeFxpd.txt,488.0
spotify:track:608OV8cDjzTcps2Owz654F,תסתכלי לי בעיניים,Idan Amedi,146867,135,2024-01-11,hebrew_title,accepted,1,https://shironet.mako.co.il/artist?type=lyrics&lang=1&prfid=12746&wrkid=51420,תסתכלי לי בעיניים,עידן עמדי,100.0,100.0,608OV8cDjzTcps2Owz654F.txt,766.0
spotify:track:6J2R4mMoDfb5NQMDuV0nWq,עשר אפס לך,Adir Getz,146693,147,2025-04-03,hebrew_title,not_found,1,https://shironet.mako.co.il/artist?type=lyrics&lang=1&prfid=22151&wrkid=66368,לא תיקח לי את האושר,אודיה אזולאי,27.6,61.5,,
spotify:track:4tpT9xacu03ADQI7utG24C,אולסטאר וגופיות,"Anna Zak, Itay Galo",145235,78,2023-10-12,hebrew_title,accepted,1,https://shironet.mako.co.il/artist?type=lyrics&lang=1&prfid=20186&wrkid=57859,אולסטאר וגופיות,אנה זק,100.0,100.0,4tpT9xacu03ADQI7utG24C.txt,799.0
spotify:track:3PCoQZCoceCnSvV6pTTSt3,ויפאסנה,Tuna,144211,73,2025-06-05,hebrew_title,page_without_lyrics,1,https://shironet.mako.co.il/artist?type=lyrics&lang=1&prfid=16260&wrkid=63940,ויפאסנה,טונה,100.0,100.0,,
spotify:track:75sIATEdqHxN7jfNsRCwGl,ברולטה,"עידו בן דב, ערן יוסף, שגב",143344,73,2023-10-12,hebrew_title,accepted,1,https://shironet.mako.co.il/artist?type=lyrics&lang=1&prfid=24855&wrkid=58002,ברולטה,ערן יוסף,100.0,100.0,75sIATEdqHxN7jfNsRCwGl.txt,1415.0
spotify:track:3SoYYbKd4cbxmlVaCZKVQM,אוי ואבוי,"Static, Eden Hason",142643,143,2024-04-18,hebrew_title,accepted,1,https://shironet.mako.co.il/artist?type=lyrics&lang=1&prfid=13834&wrkid=60243,אוי ואבוי,עדן חסון,100.0,100.0,3SoYYbKd4cbxmlVaCZKVQM.txt,1473.0
spotify:track:3l82VKxo78MFrFOZkAKD4u,Kvish Hachof,Static & Ben El,140961,185,2024-07-18,israeli_artist,not_found,1,,,,,,,
spotify:track:2LWF1rZLLwaHhpC4T9ra9i,בחורה טובה,"Osher Cohen, Lior Narkis",138727,73,2024-07-25,hebrew_title,accepted,1,https://shironet.mako.co.il/artist?type=lyrics&lang=1&prfid=16196&wrkid=61088,בחורה טובה,אושר כהן,100.0,100.0,2LWF1rZLLwaHhpC4T9ra9i.txt,962.0
spotify:track:7IYAf32MmX7oCqgnGNT3g8,כולם גנבים,Osher Cohen,138256,27,2026-02-19,hebrew_title,accepted,1,https://shironet.mako.co.il/artist?type=lyrics&lang=1&prfid=16196&wrkid=65722,כולם גנבים,אושר כהן,100.0,100.0,7IYAf32MmX7oCqgnGNT3g8.txt,1435.0
spotify:track:6g84RaMubeO44LyTDghqUB,נאדי באדי,"Shahar Tavoch, Agam Buhbut",136292,60,2024-03-21,hebrew_title,accepted,1,https://shironet.mako.co.il/artist?type=lyrics&lang=1&prfid=15227&wrkid=59979,נאדי באדי,אגם בוחבוט,100.0,100.0,6g84RaMubeO44LyTDghqUB.txt,1145.0
spotify:track:27Sd1OtzjDaGURaArp3ssz,לך אלי,Meir Banai,134247,155,2024-10-17,hebrew_title,review,1,https://shironet.mako.co.il/artist?type=lyrics&lang=1&prfid=15815&wrkid=41160,לך אלי,שיראל ביתן,100.0,58.8,,
spotify:track:1Jn1ZoYCWdFhdPH9cG8Y8j,אצלנו בגן,Shaylee Atary,130313,76,2024-05-16,hebrew_title,accepted,1,https://shironet.mako.co.il/artist?type=lyrics&lang=1&prfid=14318&wrkid=37673,אצלנו בגן,שי-לי עטרי,100.0,100.0,1Jn1ZoYCWdFhdPH9cG8Y8j.txt,964.0
spotify:track:6FjNzE8JzBiQCNcvUL1iCE,גשם,Vibe Ish,128957,174,2024-08-08,hebrew_title,review,1,https://shironet.mako.co.il/artist?type=lyrics&lang=1&prfid=25353&wrkid=63374,גשם,אבימאיר,100.0,50.0,,
spotify:track:2aEuWBAOm7Lla8VAIRdHfy,אהבה חולה - חי באולפן גלגלצ,Noam Bettan,123779,107,2025-12-25,hebrew_title,not_found,1,,,,,,,
spotify:track:525IyHzf3ZsydmsRfDu0Vp,אינסוף,Idan Amedi,121537,100,2025-01-09,hebrew_title,accepted,1,https://shironet.mako.co.il/artist?type=lyrics&lang=1&prfid=12746&wrkid=62306,אינסוף,עידן עמדי,100.0,100.0,525IyHzf3ZsydmsRfDu0Vp.txt,1125.0
spotify:track:336bQZpuJyMAYOxeXDGZy7,בראש השנה,Naomi Shemer,119851,97,2024-10-03,hebrew_title,review,1,https://shironet.mako.co.il/artist?type=lyrics&lang=1&prfid=806&wrkid=5890,בראש השנה,עממי,100.0,75.0,,
spotify:track:7HSU5O1LJBthHDKTcNeGub,תחזור אליי,Eden Ben Zaken,119428,134,2026-01-15,hebrew_title,accepted,1,https://shironet.mako.co.il/artist?type=lyrics&lang=1&prfid=16843&wrkid=65393,תחזור אליי,עדן בן זקן,100.0,100.0,7HSU5O1LJBthHDKTcNeGub.txt,432.0
spotify:track:58LV2ItbYQPSYSpJ0QQMV6,מי עוד יחכה לך,Eyal Golan,119031,89,2024-04-18,hebrew_title,accepted,1,https://shironet.mako.co.il/artist?type=lyrics&lang=1&prfid=92&wrkid=60308,מי עוד יחכה לך,אייל גולן,100.0,94.1,58LV2ItbYQPSYSpJ0QQMV6.txt,753.0
spotify:track:2CmN6lg34uckZT5OAbqkOJ,מכתב לילדים,Idan Amedi,118771,111,2025-01-09,hebrew_title,accepted,1,https://shironet.mako.co.il/artist?type=lyrics&lang=1&prfid=12746&wrkid=62305,מכתב לילדים,עידן עמדי,100.0,100.0,2CmN6lg34uckZT5OAbqkOJ.txt,824.0
spotify:track:18dKjJC84HdK7WarEW9XB2,רק לפעמים,מ',116978,108,2026-01-22,hebrew_title,review,1,https://shironet.mako.co.il/artist?type=lyrics&lang=1&prfid=25876&wrkid=65461,רק לפעמים,מ המסתערב,100.0,18.2,,
spotify:track:5U65PDnwacprNvj7kDkPO6,יש בך,Eviatar Banai,116856,66,2023-12-28,hebrew_title,review,1,https://shironet.mako.co.il/artist?type=lyrics&lang=1&prfid=22662&wrkid=51170,יש בך,פסטיגל 2020,100.0,23.5,,
spotify:track:1OG0xpEijf2r9hUvECb5t1,לא הצלחתי לישון הלילה,"Ravid Plotnik, Ohad Cohen",116154,47,2025-01-16,hebrew_title,accepted,1,https://shironet.mako.co.il/artist?type=lyrics&lang=1&prfid=17619&wrkid=62416,לא הצלחתי לישון הלילה,רביד פלוטניק,100.0,100.0,1OG0xpEijf2r9hUvECb5t1.txt,584.0
spotify:track:4pZmzPmIxYKzskFkJTkFwP,בקבוק על המרפסת,Osher Cohen,115514,105,2025-04-17,hebrew_title,accepted,1,https://shironet.mako.co.il/artist?type=lyrics&lang=1&prfid=16196&wrkid=63668,בקבוק על המרפסת,אושר כהן,100.0,100.0,4pZmzPmIxYKzskFkJTkFwP.txt,1134.0
spotify:track:4hq2uY5Ak8kIVgNbZ0r8xM,בכל יום שאיבדתי אותך,Osher Cohen,114555,44,2026-02-19,hebrew_title,accepted,1,https://shironet.mako.co.il/artist?type=lyrics&lang=1&prfid=16196&wrkid=65725,בכל יום שאיבדתי אותך,אושר כהן,100.0,100.0,4hq2uY5Ak8kIVgNbZ0r8xM.txt,1074.0
spotify:track:2AUzygfHvqOIfd3W9uViro,שיר,Eviatar Banai,113913,73,2023-12-28,hebrew_title,not_found,1,https://shironet.mako.co.il/artist?type=lyrics&lang=1&prfid=41&wrkid=14354,מיתר,אביתר בנאי,57.1,100.0,,
spotify:track:15MfYd2nvqvEi0LjCOa4iE,עוד פעם סטלה עוד פעם דיכאון,Eden Ben Zaken,113268,135,2025-09-11,hebrew_title,accepted,1,https://shironet.mako.co.il/artist?type=lyrics&lang=1&prfid=16843&wrkid=64511,עוד פעם סטלה עוד פעם דיכאון,עדן בן זקן,100.0,100.0,15MfYd2nvqvEi0LjCOa4iE.txt,647.0
spotify:track:3I9MNfeQxkKfxIualTvKoC,אין ייאוש בלילות,Eyal Golan,112682,108,2024-04-18,hebrew_title,accepted,1,https://shironet.mako.co.il/artist?type=lyrics&lang=1&prfid=92&wrkid=60297,אין ייאוש בלילות,אייל גולן,100.0,94.1,3I9MNfeQxkKfxIualTvKoC.txt,505.0
spotify:track:64bfvxCPzxyljgC4aPi4vu,משפחה וכבוד,Omer Adam,111823,47,2026-02-19,hebrew_title,accepted,1,https://shironet.mako.co.il/artist?type=lyrics&lang=1&prfid=10755&wrkid=65733,משפחה וכבוד,עומר אדם,100.0,100.0,64bfvxCPzxyljgC4aPi4vu.txt,865.0
spotify:track:0xEyCZ6cQg3apftD06KVaA,לילה טוב,Odeya,111013,112,2024-08-29,hebrew_title,accepted,1,https://shironet.mako.co.il/artist?type=lyrics&lang=1&prfid=22151&wrkid=61574,לילה טוב,אודיה אזולאי,100.0,100.0,0xEyCZ6cQg3apftD06KVaA.txt,589.0
spotify:track:34R5dih7V1DWiuuUxH2tcj,A+ (feat. Ravid Plotnik),"Noga Erez, Ravid Plotnik",110319,79,2024-09-26,israeli_artist,not_found,1,https://shironet.mako.co.il/artist?type=lyrics&lang=1&prfid=17619&wrkid=64131,איזה מזל,רביד פלוטניק,0.0,100.0,,
spotify:track:0HSOBKpR7EiHP06n8gAGFh,כל כך מוכר,"הכוכב הבא, Udi Schneider",110004,103,2025-01-16,hebrew_title,review,1,https://shironet.mako.co.il/artist?type=lyrics&lang=1&prfid=3118&wrkid=15719,כל כך מוכר,חגית קליש,100.0,15.4,,
spotify:track:1syU4K9EEabDPWpEUISOET,שיר של קיץ,מיקי המפקד,109764,54,2025-08-14,hebrew_title,accepted,1,https://shironet.mako.co.il/artist?type=lyrics&lang=1&prfid=26361&wrkid=64499,שיר של קיץ,המפקד מיקי,100.0,100.0,1syU4K9EEabDPWpEUISOET.txt,1398.0
spotify:track:0yr0G0YFJcfsU38nP2OUCT,לא שם,Osher Cohen,108962,50,2026-02-19,hebrew_title,accepted,1,https://shironet.mako.co.il/artist?type=lyrics&lang=1&prfid=16196&wrkid=65724,לא שם,אושר כהן,100.0,100.0,0yr0G0YFJcfsU38nP2OUCT.txt,1335.0
spotify:track:3Rq8vC7CDbqs3VHJxsu6TW,אין לי אותך,Eyal Golan,108196,118,2024-04-18,hebrew_title,accepted,1,https://shironet.mako.co.il/artist?type=lyrics&lang=1&prfid=92&wrkid=60294,אין לי אותך,אייל גולן,100.0,94.1,3Rq8vC7CDbqs3VHJxsu6TW.txt,1002.0
spotify:track:4Zm64H7mbeqRdvLzlsEZmR,מלוך,Ishay Ribo,107746,95,2025-09-25,hebrew_title,not_found,1,https://shironet.mako.co.il/artist?type=lyrics&lang=1&prfid=14733&wrkid=61727,אין לי מלבדך,ישי ריבו,42.9,100.0,,
spotify:track:4wOpBKUnpBbjN2We6sB5nX,הפעם זה זה,Eden Hason,107636,109,2025-01-23,hebrew_title,not_found,1,https://shironet.mako.co.il/artist?type=lyrics&lang=1&prfid=13834&wrkid=59249,אנחנו זה גורל,עדן חסון,34.8,100.0,,
spotify:track:1mfM9mXj9fydNRzzS7LwBP,דפיקות הלב,Peer Tasi,107552,153,2025-12-04,hebrew_title,accepted,1,https://shironet.mako.co.il/artist?type=lyrics&lang=1&prfid=7747&wrkid=35710,דפיקות הלב,פאר טסי,100.0,100.0,1mfM9mXj9fydNRzzS7LwBP.txt,602.0
spotify:track:6UNereE4jlAGZJytewHppr,ארץ עצובה,Peer Tasi,105692,162,2025-07-03,hebrew_title,accepted,1,https://shironet.mako.co.il/artist?type=lyrics&lang=1&prfid=7747&wrkid=63781,ארץ עצובה,פאר טסי,100.0,100.0,6UNereE4jlAGZJytewHppr.txt,746.0
spotify:track:4fZlnnpItlUD2RdR0zSuAC,עיוור,נועם קלינשטיין,105540,163,2025-11-06,hebrew_title,accepted,1,https://shironet.mako.co.il/artist?type=lyrics&lang=1&prfid=23814&wrkid=63921,עיוור,נועם קלינשטיין,100.0,100.0,4fZlnnpItlUD2RdR0zSuAC.txt,884.0
spotify:track:23TWTyKCgWjUUxfLmI8jzC,שעון החול,Peer Tasi,104875,168,2025-07-03,hebrew_title,accepted,1,https://shironet.mako.co.il/artist?type=lyrics&lang=1&prfid=7747&wrkid=63782,שעון החול,פאר טסי,100.0,100.0,23TWTyKCgWjUUxfLmI8jzC.txt,940.0
spotify:track:2zSHoGCakWjTTe34Xm440W,בלונים,Eyal Golan,104280,165,2025-11-13,hebrew_title,accepted,1,https://shironet.mako.co.il/artist?type=lyrics&lang=1&prfid=92&wrkid=52907,בלונים,אייל גולן,100.0,94.1,2zSHoGCakWjTTe34Xm440W.txt,790.0
spotify:track:7xyANK3cSIWlP4PPdcq9wO,בלעדיך,"Noa Kirel, Maya Buskila",103635,159,2025-04-10,hebrew_title,accepted,1,https://shironet.mako.co.il/artist?type=lyrics&lang=1&prfid=3153&wrkid=6647,בלעדיך,מאיה בוסקילה,100.0,100.0,7xyANK3cSIWlP4PPdcq9wO.txt,776.0
spotify:track:68H86iRZFd5IWbDrjGTa4t,גפרור,Peer Tasi,102656,136,2024-06-06,hebrew_title,accepted,1,https://shironet.mako.co.il/artist?type=lyrics&lang=1&prfid=7747&wrkid=60588,גפרור,פאר טסי,100.0,100.0,68H86iRZFd5IWbDrjGTa4t.txt,801.0
spotify:track:07uIhNfeg1X7QZBl5BRxUK,אוחילה,Ishay Ribo,102603,117,2025-09-25,hebrew_title,review,1,https://shironet.mako.co.il/artist?type=lyrics&lang=1&prfid=493&wrkid=61475,אוחילה,יוסי אזולאי,100.0,50.0,,
spotify:track:4QDPzbvvoLr5EhsRO0n4KX,צריך אותך,Full Trunk,101299,183,2025-06-12,hebrew_title,accepted,1,https://shironet.mako.co.il/artist?type=lyrics&lang=1&prfid=18621&wrkid=62174,צריך אותך,פול טראנק,100.0,100.0,4QDPzbvvoLr5EhsRO0n4KX.txt,1003.0
spotify:track:3Rm8nwbftun4wt06jSbCEG,באת עם השקט,Dudu Tassa,101292,155,2025-10-16,hebrew_title,accepted,1,https://shironet.mako.co.il/artist?type=lyrics&lang=1&prfid=1321&wrkid=4957,באת עם השקט,דודו טסה,100.0,100.0,3Rm8nwbftun4wt06jSbCEG.txt,390.0
spotify:track:14b2CiDmRjVaZjpIULxPNx,שונא את תל אביב,Osher Cohen,100431,57,2026-02-19,hebrew_title,lyrics_not_fetched,1,https://shironet.mako.co.il/artist?type=lyrics&lang=1&prfid=16196&wrkid=65723,שונא את תל אביב,אושר כהן,100.0,100.0,,
spotify:track:5SwAqyLNQggJ8ZsH7kDonT,מעוז צור,"Dalia Amihud, Kids Choir",99340,139,2023-12-14,hebrew_title,review,1,https://shironet.mako.co.il/artist?type=lyrics&lang=1&prfid=4760&wrkid=63011,מעוז צור,אדרת,100.0,40.0,,
spotify:track:0xuvLglT2SXdo1ma5k0YvM,אומרים שהתרגלנו,Peer Tasi,99264,189,2025-07-03,hebrew_title,lyrics_not_fetched,1,https://shironet.mako.co.il/artist?type=lyrics&lang=1&prfid=7747&wrkid=63783,אומרים שהתרגלנו,פאר טסי,100.0,100.0,,
spotify:track:3rXeukorvha6no0byAiMTn,בלי לבחור,Idan Amedi,98725,160,2025-01-09,hebrew_title,lyrics_not_fetched,1,https://shironet.mako.co.il/artist?type=lyrics&lang=1&prfid=12746&wrkid=62309,בלי לבחור,עידן עמדי,100.0,100.0,,
spotify:track:5JU5xtaUvWXK5IkyUIFd03,מה יבוא,Jasmin Moallem,97951,131,2025-06-19,hebrew_title,lyrics_not_fetched,1,https://shironet.mako.co.il/artist?type=lyrics&lang=1&prfid=22199&wrkid=63681,מה יבוא,יסמין מועלם,100.0,100.0,,
spotify:track:7jlmMlAJr9sEnBzChegzeH,שלחי אותו,Roni Dalumi,97914,137,2024-05-16,hebrew_title,lyrics_not_fetched,1,https://shironet.mako.co.il/artist?type=lyrics&lang=1&prfid=10744&wrkid=30770,שלחי אותו,רוני דלומי,100.0,100.0,,
spotify:track:6oOmpBInMQ3uOzgfRB4Z71,באנו חושך לגרש,Chavura,97330,170,2023-12-14,hebrew_title,review,1,https://shironet.mako.co.il/artist?type=lyrics&lang=1&prfid=18919&wrkid=49771,באנו חושך לגרש,רבע לאפריקה,100.0,44.4,,
spotify:track:0pCh1MtPvEBDXx8y6Hbpio,עדלאידע,"שוקי סלומון, Arik Dvir",97250,160,2025-03-13,hebrew_title,review,1,https://shironet.mako.co.il/artist?type=lyrics&lang=1&prfid=9777&wrkid=66460,עדלאידע,יערה טופ,100.0,40.0,,
spotify:track:4bwt8SyTzdhMycwH3mQhy3,הכי יפה בנוף,Dylen Dror,96091,67,2025-08-28,hebrew_title,lyrics_not_fetched,1,https://shironet.mako.co.il/artist?type=lyrics&lang=1&prfid=24551&wrkid=65675,הכי יפה בנוף,דילן דרור,100.0,100.0,,
spotify:track:5oJmOggiNibBGtUFZVcdbM,סקסית,Eden Golan,95781,158,2025-09-25,hebrew_title,lyrics_not_fetched,1,https://shironet.mako.co.il/artist?type=lyrics&lang=1&prfid=25357&wrkid=64353,סקסית,עדן גולן,100.0,93.3,,
spotify:track:4IFQD1thQ2rgSgt5rXXqqp,ליצן קטן נחמד,Ruchama Raz,95102,147,2024-03-21,hebrew_title,review,1,https://shironet.mako.co.il/artist?type=lyrics&lang=1&prfid=806&wrkid=3886,ליצן קטן נחמד,עממי,100.0,25.0,,
spotify:track:7LqyrZRChL74oFbjYx7QX8,היה נחמד,"הכוכב הבא, Yuval Gold",94422,183,2024-12-19,hebrew_title,review,1,https://shironet.mako.co.il/artist?type=lyrics&lang=1&prfid=21218&wrkid=62572,היה נחמד,יובל גולד,100.0,14.3,,
spotify:track:06kTXsor7NS6I2fGxS1bn6,הפעם זה זה,Eden Hason,94414,152,2025-02-13,hebrew_title,not_found,1,https://shironet.mako.co.il/artist?type=lyrics&lang=1&prfid=13834&wrkid=59249,אנחנו זה גורל,עדן חסון,34.8,100.0,,
spotify:track:2kGlyGO41yJcLwBz3Czejq,דם שלי,Eden Ben Zaken,94026,181,2024-02-08,hebrew_title,review,1,https://shironet.mako.co.il/artist?type=lyrics&lang=1&prfid=22151&wrkid=59613,הדם שלי,אודיה אזולאי,92.3,33.3,,
spotify:track:3fbZ0Up6ZCqNtVWECIRosI,על קו הזינוק,The Friends of Natasha,93871,190,2024-08-22,hebrew_title,lyrics_not_fetched,1,https://shironet.mako.co.il/artist?type=lyrics&lang=1&prfid=338&wrkid=2550,על קו הזינוק,החברים של נטאשה,100.0,96.6,,
spotify:track:1YgeLm7V5s6BlIrALkqDjj,להתחתן איתי,"Shahar Tavoch, נועם קלינשטיין",93510,183,2025-05-15,hebrew_title,lyrics_not_fetched,1,https://shironet.mako.co.il/artist?type=lyrics&lang=1&prfid=23814&wrkid=66408,להתחתן איתי,נועם קלינשטיין,100.0,100.0,,
spotify:track:6xhxulJ4BXNlnDmw3KpDP0,קריוקי,"Tuna, Peer Tasi",93404,197,2024-07-11,hebrew_title,lyrics_not_fetched,1,https://shironet.mako.co.il/artist?type=lyrics&lang=1&prfid=16260&wrkid=52359,קריוקי,טונה,100.0,100.0,,
spotify:track:2kwDpzImeK3RAnwKMJ7Kue,הכי יפה בעולם,Maor Cohen,93395,189,2023-12-28,hebrew_title,lyrics_not_fetched,1,https://shironet.mako.co.il/artist?type=lyrics&lang=1&prfid=602&wrkid=1110,הכי יפה בעולם,מאור כהן,100.0,100.0,,
spotify:track:4GzV9XajF9E8rSLAZa9WVA,מפרש לבן,Jimbo J,92330,195,2025-05-29,hebrew_title,not_found,1,https://shironet.mako.co.il/artist?type=lyrics&lang=1&prfid=950&wrkid=56596,שי להב,שי להב,57.1,36.4,,
spotify:track:3zefogTeUFZqWJeuWz4ftK,יכולה לבד,Odeya,91950,164,2025-01-30,hebrew_title,accepted,1,https://shironet.mako.co.il/artist?type=lyrics&lang=1&prfid=22151&wrkid=61575,יכולה לבד,אודיה אזולאי,100.0,100.0,3zefogTeUFZqWJeuWz4ftK.txt,617.0
spotify:track:4A5lRH29TyKxllsl94BWex,סדר העבודה,Ishay Ribo,91880,141,2024-10-17,hebrew_title,not_found,1,https://shironet.mako.co.il/artist?type=lyrics&lang=1&prfid=14733&wrkid=67324,דרך עושים מאהבה,ישי ריבו,45.5,100.0,,
spotify:track:0lhjUB7medv0bEiWHEMDy1,עד שתחזור,Yuval Dayan,91785,173,2024-05-16,hebrew_title,lyrics_not_fetched,1,https://shironet.mako.co.il/artist?type=lyrics&lang=1&prfid=14382&wrkid=35504,עד שתחזור,יובל דיין,100.0,100.0,,
spotify:track:026Zbu5XXqb4LktYv4RXWa,פרפרים בבטן,"LIAD MEIR, Moran Mazor",91741,175,2025-06-26,hebrew_title,review,1,https://shironet.mako.co.il/artist?type=lyrics&lang=1&prfid=10483&wrkid=23014,פרפרים בבטן,איתי הררי,100.0,50.0,,
spotify:track:7yK3Xio4KcExOyi28hWpmt,אסטרולוגים רבנים,Odeya,90754,181,2025-01-30,hebrew_title,lyrics_not_fetched,1,https://shironet.mako.co.il/artist?type=lyrics&lang=1&prfid=22151&wrkid=61577,אסטרולוגים רבנים,אודיה אזולאי,100.0,100.0,,
spotify:track:0ExJZj9wQqys22ZnUv3BWO,מחרוזת חנוכה,Itzik Eshel,89820,68,2025-12-18,hebrew_title,not_found,1,,,,,,,
spotify:track:0taqIIB89cQQoiA8ZDukWf,מקבל על עצמי,Osher Cohen,88743,159,2023-10-12,hebrew_title,lyrics_not_fetched,1,https://shironet.mako.co.il/artist?type=lyrics&lang=1&prfid=16196&wrkid=54272,מקבל על עצמי,אושר כהן,100.0,100.0,,
spotify:track:3gofSUW7Zn2qjfKumSHWKS,הנסיך הקטן,"Shlomo Gronich, Shlomo Ydov, Shem-Tov Levy Ensemble",87769,191,2024-05-16,hebrew_title,lyrics_not_fetched,1,https://shironet.mako.co.il/artist?type=lyrics&lang=1&prfid=985&wrkid=1186,הנסיך הקטן,שם טוב לוי,100.0,100.0,,
spotify:track:4ml1tecvYSfbETHZXVmXkH,פלאזה אתנה,Omer Adam,86164,70,2026-02-19,hebrew_title,lyrics_not_fetched,1,https://shironet.mako.co.il/artist?type=lyrics&lang=1&prfid=10755&wrkid=65734,פלאזה אתנה,עומר אדם,100.0,100.0,,
spotify:track:0A1D1YYzOJjpqUTImCkIgA,אהבת חיי,רואי אדם,85187,71,2026-02-19,hebrew_title,lyrics_not_fetched,1,https://shironet.mako.co.il/artist?type=lyrics&lang=1&prfid=24794&wrkid=65713,אהבת חיי,רואי אדם,100.0,100.0,,
spotify:track:5FGZ7S2rqgXeqkPR2jyO1R,טן טן טן,Ofek Adanek,84608,181,2024-08-01,hebrew_title,not_found,1,https://shironet.mako.co.il/artist?type=lyrics&lang=1&prfid=14902&wrkid=54750,טן טן,רועי סנדלר,80.0,37.5,,
spotify:track:1Klq6eQjmwh7KSaT4P0Odm,ברית עולם,Matti Caspi,82714,70,2026-02-12,hebrew_title,lyrics_not_fetched,1,https://shironet.mako.co.il/artist?type=lyrics&lang=1&prfid=688&wrkid=749,ברית עולם,מתי כספי,100.0,100.0,,
spotify:track:7q4kvgrBDzcLZ127CDLSj9,הנרות הללו,"Dalia Amihud, Kids Choir",80565,81,2025-12-18,hebrew_title,review,1,https://shironet.mako.co.il/artist?type=lyrics&lang=1&prfid=806&wrkid=6042,הנרות הללו,עממי,100.0,75.0,,
spotify:track:4ERPLdXEg2WqLoKNKnV7Vi,יהי רצון,Ishay Ribo,80345,176,2024-10-10,hebrew_title,lyrics_not_fetched,1,https://shironet.mako.co.il/artist?type=lyrics&lang=1&prfid=14733&wrkid=61726,יהי רצון,ישי ריבו,100.0,100.0,,
spotify:track:2xJ2U2vyuAvbYbdmvG9QfL,מעוז צור,"Dalia Amihud, Kids Choir",78891,84,2025-12-18,hebrew_title,review,1,https://shironet.mako.co.il/artist?type=lyrics&lang=1&prfid=4760&wrkid=63011,מעוז צור,אדרת,100.0,40.0,,
spotify:track:0aOr7kM2f8Xx5Pd40BYOeE,שגרה בזמן מלחמה,"Ravid Plotnik, Taboo Plus",78645,78,2025-01-16,hebrew_title,not_found,1,https://shironet.mako.co.il/artist?type=lyrics&lang=1&prfid=17619&wrkid=45661,כל הזמן הזה,רביד פלוטניק,45.5,100.0,,
spotify:track:42SQu1kUEJfcQgpW3gbeyl,שיר לשירה,Korin Allal,78383,72,2024-12-19,hebrew_title,lyrics_not_fetched,1,https://shironet.mako.co.il/artist?type=lyrics&lang=1&prfid=862&wrkid=3004,שיר לשירה,קורין אלאל,100.0,100.0,,
spotify:track:0mNRxKOMTG52ZMasDZGgH6,הייתי שם,Tuna,77167,77,2026-02-05,hebrew_title,lyrics_not_fetched,1,https://shironet.mako.co.il/artist?type=lyrics&lang=1&prfid=16260&wrkid=65490,הייתי שם,טונה,100.0,100.0,,
spotify:track:5zFZAHRjxLs7JQ35GHvQg3,לא תירא,Peer Tasi,75736,173,2023-11-02,hebrew_title,lyrics_not_fetched,1,https://shironet.mako.co.il/artist?type=lyrics&lang=1&prfid=7747&wrkid=59187,לא תירא,פאר טסי,100.0,100.0,,
spotify:track:0XNXjle2vmmm3qgLApGi3L,באנו חושך לגרש,Chavura,75358,97,2025-12-18,hebrew_title,review,1,https://shironet.mako.co.il/artist?type=lyrics&lang=1&prfid=18919&wrkid=49771,באנו חושך לגרש,רבע לאפריקה,100.0,44.4,,
spotify:track:2jCP2LzrztPq7MSwKNP28j,אלבי,Omer Adam,73701,93,2026-02-19,hebrew_title,review,1,https://shironet.mako.co.il/artist?type=lyrics&lang=1&prfid=10755&wrkid=26295,אל תבכי,עומר אדם,80.0,100.0,,
spotify:track:2ZNZu58uCMZF44qwK4nEg3,הנה הנה,Matti Caspi,73196,91,2026-02-12,hebrew_title,lyrics_not_fetched,1,https://shironet.mako.co.il/artist?type=lyrics&lang=1&prfid=688&wrkid=1179,הנה הנה,מתי כספי,100.0,100.0,,
spotify:track:6jG3OmapjEN38Q1UCA6CJI,אורות כחולים,Omer Adam,72925,94,2026-02-19,hebrew_title,lyrics_not_fetched,1,https://shironet.mako.co.il/artist?type=lyrics&lang=1&prfid=10755&wrkid=65735,אורות כחולים,עומר אדם,100.0,100.0,,
spotify:track:0nJgIDMnqVuouCgnW8ebOR,לא ידעתי שתלכי ממני,Matti Caspi,71814,96,2026-02-12,hebrew_title,lyrics_not_fetched,1,https://shironet.mako.co.il/artist?type=lyrics&lang=1&prfid=688&wrkid=32478,לא ידעתי שתלכי ממני,מתי כספי,100.0,100.0,,
spotify:track:68yDSCJFAR8wmJKZtsEmV7,אנטארקטיקה,Korin Allal,70109,92,2024-12-19,hebrew_title,lyrics_not_fetched,1,https://shironet.mako.co.il/artist?type=lyrics&lang=1&prfid=862&wrkid=4265,אנטארקטיקה,קורין אלאל,100.0,100.0,,
spotify:track:1JG6IWsgkl89Mj4iSxrMxS,יאללה יא נסראללה,פרישמן והחלוצים,69219,67,2024-10-03,hebrew_title,lyrics_not_fetched,1,https://shironet.mako.co.il/artist?type=lyrics&lang=1&prfid=6518&wrkid=17207,יאללה יא נסראללה,פרישמן והחלוצים,100.0,100.0,,
spotify:track:66yefnmjUf8GOqIwhfbpCk,לילות יפים,"Omer Adam, Gal Adam, רואי אדם",68276,109,2026-02-19,hebrew_title,lyrics_not_fetched,1,https://shironet.mako.co.il/artist?type=lyrics&lang=1&prfid=10755&wrkid=65737,לילות יפים,עומר אדם,100.0,100.0,,
spotify:track:6pkYtrBzWDuD3VrYlLw4px,יש יותר מדי שירים היום,Omer Adam,67665,111,2026-02-19,hebrew_title,lyrics_not_fetched,1,https://shironet.mako.co.il/artist?type=lyrics&lang=1&prfid=10755&wrkid=65736,יש יותר מידי שירים היום,עומר אדם,97.8,100.0,,
spotify:track:3FuJ1e5yAS2n3x6FvPGZ3I,זן נדיר - Remastered,Korin Allal,67449,100,2024-12-19,hebrew_title,not_found,1,https://shironet.mako.co.il/artist?type=lyrics&lang=1&prfid=862&wrkid=1389,זן נדיר,קורין אלאל,56.0,100.0,,
spotify:track:427KgFyKa6OhI4Bqu3G9Cb,סביבון,Hana Laszlo,67089,117,2025-12-18,hebrew_title,review,1,https://shironet.mako.co.il/artist?type=lyrics&lang=1&prfid=2315&wrkid=19620,סביבון,חבורת רננים,100.0,36.4,,
spotify:track:1LaaLAzuCV0N785i5snlGF,חנוכה חנוכה,"Dalia Amihud, Kids Choir",66942,118,2025-12-18,hebrew_title,review,1,https://shironet.mako.co.il/artist?type=lyrics&lang=1&prfid=806&wrkid=3638,חנוכה חנוכה,עממי,100.0,75.0,,
spotify:track:6swbk6pNdei7S5ZRtdyApp,אחרי החגים,Eviatar Banai,65567,68,2023-12-28,hebrew_title,review,1,https://shironet.mako.co.il/artist?type=lyrics&lang=1&prfid=2639&wrkid=148,אחרי החגים,אבי טולדנו ועופרה חזה,100.0,57.1,,
spotify:track:3CdPL5qF03DtSPZMhECaqu,בן 32,Omer Adam,65290,125,2026-02-19,hebrew_title,lyrics_not_fetched,1,https://shironet.mako.co.il/artist?type=lyrics&lang=1&prfid=10755&wrkid=65954,בן 32,עומר אדם,100.0,100.0,,
spotify:track:7eCFgwYgX8sxhZpy224aNT,שירתו של החורף,Omer Adam,65266,126,2026-02-19,hebrew_title,lyrics_not_fetched,1,https://shironet.mako.co.il/artist?type=lyrics&lang=1&prfid=10755&wrkid=65738,שירתו של החורף,עומר אדם,100.0,100.0,,
spotify:track:7GguigxECygJxMkp47Gwlj,אפטרשוק,Eyal Golan,64123,133,2026-02-19,hebrew_title,lyrics_not_fetched,1,https://shironet.mako.co.il/artist?type=lyrics&lang=1&prfid=92&wrkid=65730,אפטרשוק,אייל גולן,100.0,94.1,,
spotify:track:59WiHC6djTa97XxqawF8SX,פינה של שקט,Omer Adam,63962,134,2026-02-19,hebrew_title,lyrics_not_fetched,1,https://shironet.mako.co.il/artist?type=lyrics&lang=1&prfid=10755&wrkid=65739,פינה של שקט,עומר אדם,100.0,100.0,,
spotify:track:4wclmkmEF1vzyCiSMzrrsM,לא המשוגע היחידי,Hanan Ben Ari,63773,123,2025-11-06,hebrew_title,accepted,1,https://shironet.mako.co.il/artist?type=lyrics&lang=1&prfid=17593&wrkid=64697,לא המשוגע היחידי,חנן בן ארי,100.0,100.0,4wclmkmEF1vzyCiSMzrrsM.txt,1620.0
spotify:track:34OkDplGZoRah6d3yCe8lZ,אל תחזרי,"Eden Ben Zaken, Eyal Golan",63154,124,2025-09-04,hebrew_title,lyrics_not_fetched,1,https://shironet.mako.co.il/artist?type=lyrics&lang=1&prfid=16843&wrkid=64191,אל תחזרי,עדן בן זקן,100.0,100.0,,
spotify:track:3gPo9Y9MgmltvcNQXNEqEP,מה היה מה יהיה,Ben Zur,63097,123,2025-12-25,hebrew_title,lyrics_not_fetched,1,https://shironet.mako.co.il/artist?type=lyrics&lang=1&prfid=22973&wrkid=65304,מה היה מה יהיה,בן צור,100.0,100.0,,
spotify:track:1jIupbSkQxkCWLsYBkRMN1,חיה פצועה,Eyal Golan,62439,141,2026-02-19,hebrew_title,lyrics_not_fetched,1,https://shironet.mako.co.il/artist?type=lyrics&lang=1&prfid=92&wrkid=65729,חיה פצועה,אייל גולן,100.0,94.1,,
spotify:track:6EgKPoNztkLCy3T9Z2zZxL,סכין,Nissim Baranes,61768,137,2025-08-21,hebrew_title,lyrics_not_fetched,1,https://shironet.mako.co.il/artist?type=lyrics&lang=1&prfid=13892&wrkid=64204,סכין,ניסים ברנס,100.0,100.0,,
spotify:track:4AVYNA8DzrsjckLInCC7XB,פנים מחוקות,Eviatar Banai,61502,81,2023-12-28,hebrew_title,not_found,1,https://shironet.mako.co.il/artist?type=lyrics&lang=1&prfid=41&wrkid=12,אבות ובנים,אביתר בנאי,57.1,100.0,,
spotify:track:2Otm3KEdvaoS1svZOLVGwc,ואן גוך,"שגב, ערן יוסף, עידו בן דב",61074,110,2023-10-12,hebrew_title,lyrics_not_fetched,1,https://shironet.mako.co.il/artist?type=lyrics&lang=1&prfid=24855&wrkid=59166,ואן גוך,ערן יוסף,100.0,100.0,,
spotify:track:1jlRBIzjwY248pSQS8wdpE,באנו חושך לגרש,"Hop! Channel, Sharonit Children Choir",60834,140,2025-12-18,hebrew_title,review,1,https://shironet.mako.co.il/artist?type=lyrics&lang=1&prfid=18919&wrkid=49771,באנו חושך לגרש,רבע לאפריקה,100.0,13.3,,
spotify:track:1tXzzlOmuHJjwMu0mzhEw7,אהבת חיי,Hanan Ben Ari,60062,137,2026-01-22,hebrew_title,accepted,1,https://shironet.mako.co.il/artist?type=lyrics&lang=1&prfid=17593&wrkid=65180,אהבת חיי,חנן בן ארי,100.0,100.0,1tXzzlOmuHJjwMu0mzhEw7.txt,822.0
spotify:track:6VshpKQ55Z31tJQiCI4wJI,חנוכיה לי יש,Dudu Elharar,59528,149,2025-12-18,hebrew_title,review,1,https://shironet.mako.co.il/artist?type=lyrics&lang=1&prfid=4760&wrkid=63013,חנוכיה לי יש,אדרת,100.0,50.0,,
spotify:track:1iapzOyCCKUSbOnRn92of7,סינוס,Eviatar Banai,58693,96,2023-12-28,hebrew_title,not_found,1,https://shironet.mako.co.il/artist?type=lyrics&lang=1&prfid=41&wrkid=17841,דיו,אביתר בנאי,50.0,100.0,,
spotify:track:2jKE4XyZJEJKMInqkniNr7,שריטות ופחדים,Eyal Golan,58118,153,2026-02-19,hebrew_title,lyrics_not_fetched,1,https://shironet.mako.co.il/artist?type=lyrics&lang=1&prfid=92&wrkid=65731,שריטות ופחדים,אייל גולן,100.0,94.1,,
spotify:track:50uspwzqbMxkpyHzMLwUVy,לירז,Static,57589,123,2023-10-12,hebrew_title,lyrics_not_fetched,1,https://shironet.mako.co.il/artist?type=lyrics&lang=1&prfid=20594&wrkid=57153,לירז,סטטיק,100.0,100.0,,
spotify:track:3tT0AuW2Xjykbx5TcYv64j,תקופה חרא,Omer Adam,56782,167,2026-02-19,hebrew_title,lyrics_not_fetched,1,https://shironet.mako.co.il/artist?type=lyrics&lang=1&prfid=10755&wrkid=65744,תקופה חרא,עומר אדם,100.0,100.0,,
spotify:track:6ZmcbbrN8yAKzdMAx4aT7j,מישהו שמזכיר אותי,Omer Adam,56599,170,2026-02-19,hebrew_title,lyrics_not_fetched,1,https://shironet.mako.co.il/artist?type=lyrics&lang=1&prfid=10755&wrkid=65740,מישהו שמזכיר אותי,עומר אדם,100.0,100.0,,
spotify:track:2w2yDqoMHaHoB25X8a4XGR,מחפש את הכיוון,Eviatar Banai,56303,112,2023-12-28,hebrew_title,review,1,https://shironet.mako.co.il/artist?type=lyrics&lang=1&prfid=606&wrkid=2093,מחפש את הכיוון,מאיר בנאי,100.0,84.2,,
spotify:track:1SEFRCe0y7bIJKXrCz4g90,ימי החנוכה,Makhelat Yeladim,56279,171,2025-12-18,hebrew_title,review,1,https://shironet.mako.co.il/artist?type=lyrics&lang=1&prfid=806&wrkid=3640,ימי החנוכה,עממי,100.0,40.0,,
spotify:track:4bHrZFn02i3hBlIYfGLqgI,מאושר יותר,Shahar Saul,55884,104,2024-02-01,hebrew_title,lyrics_not_fetched,1,https://shironet.mako.co.il/artist?type=lyrics&lang=1&prfid=20461&wrkid=59597,מאושר יותר,שחר סאול,100.0,87.5,,
spotify:track:23YI5ICXNXlaVnr6CEMvaA,ליצן קטן נחמד,Ruchama Raz,55498,134,2025-03-13,hebrew_title,review,1,https://shironet.mako.co.il/artist?type=lyrics&lang=1&prfid=806&wrkid=3886,ליצן קטן נחמד,עממי,100.0,25.0,,
spotify:track:46ePz37ejKrWqTt9SjkoZj,"יפה שלי, יפה שלו",Eyal Golan,55271,178,2026-02-19,hebrew_title,lyrics_not_fetched,1,https://shironet.mako.co.il/artist?type=lyrics&lang=1&prfid=92&wrkid=65728,יפה שלי יפה שלו,אייל גולן,100.0,94.1,,
spotify:track:6hejRIYDdXDSn3LK2V16xf,באך,Liran Danino,54977,125,2024-06-20,hebrew_title,lyrics_not_fetched,1,https://shironet.mako.co.il/artist?type=lyrics&lang=1&prfid=10743&wrkid=60623,באך‎,לירן דנינו,100.0,100.0,,
spotify:track:4PQDzCTyZkCW5o4FueSJaa,ריו דה ז'נרו,Omer Adam,54686,181,2026-02-19,hebrew_title,lyrics_not_fetched,1,https://shironet.mako.co.il/artist?type=lyrics&lang=1&prfid=10755&wrkid=65741,ריו דה ז'נרו,עומר אדם,100.0,100.0,,
spotify:track:2iSzY4U1N4GshwiDYEVTuZ,שיר אהבה טרי,Eviatar Banai,54651,120,2023-12-28,hebrew_title,review,1,https://shironet.mako.co.il/artist?type=lyrics&lang=1&prfid=980&wrkid=2945,שיר אהבה טרי,שלמה גרוניך,100.0,40.0,,
spotify:track:4BViDvVfquPNEZZJWDbD3Z,איפה תלך,אור כהן,54637,140,2025-05-29,hebrew_title,lyrics_not_fetched,1,https://shironet.mako.co.il/artist?type=lyrics&lang=1&prfid=25664&wrkid=63793,איפה תלך,אור כהן,100.0,100.0,,
spotify:track:3yIOvtT07WeIeYLQEdrsuB,אליך ה',"Eden Hason, Ofer Levi",54559,157,2025-09-11,hebrew_title,not_found,1,https://shironet.mako.co.il/artist?type=lyrics&lang=1&prfid=13834&wrkid=66476,איך שהיא רוקדת,עדן חסון,47.6,100.0,,
spotify:track:0WDw4EOQfiqVyjTZxsV59o,מחכה לו,Eyal Golan,54231,170,2025-04-10,hebrew_title,lyrics_not_fetched,1,https://shironet.mako.co.il/artist?type=lyrics&lang=1&prfid=92&wrkid=63583,מחכה לו,אייל גולן,100.0,94.1,,
spotify:track:2V5dl36PGbC6osvNTx8kE7,נר לי,Ruchama,54004,187,2025-12-18,hebrew_title,review,1,https://shironet.mako.co.il/artist?type=lyrics&lang=1&prfid=806&wrkid=3645,נר לי,עממי,100.0,33.3,,
spotify:track:0Q2mZN9IwaYqdUoJtIoZZZ,סביבון סוב סוב סוב,"Dalia Amihud, Kids Choir",53972,188,2025-12-18,hebrew_title,not_found,1,https://shironet.mako.co.il/artist?type=lyrics&lang=1&prfid=806&wrkid=3647,סביבון סוב סוב,עממי,88.9,75.0,,
spotify:track:2tNQeBWYhwFGqbDq53if0s,חוזר לעצמי,Eden Hason,53829,176,2026-02-12,hebrew_title,review,1,https://shironet.mako.co.il/artist?type=lyrics&lang=1&prfid=16614&wrkid=63041,חוזר לעצמי,פן חזות,100.0,61.5,,
spotify:track:3TQtybs90OnjGO8uaYSZi6,אמא שלך,Ben Zur,53037,180,2025-12-25,hebrew_title,lyrics_not_fetched,1,https://shironet.mako.co.il/artist?type=lyrics&lang=1&prfid=22973&wrkid=65306,אמא שלך,בן צור,100.0,100.0,,
spotify:track:0dutoNQWL1xJBU5JpOcbNi,בסיבוב הבא (לייב מתוך 'העשירייה' בכאן גימל),"נדב חנציס, כאן גימל",52971,177,2025-08-14,hebrew_title,review,1,https://shironet.mako.co.il/artist?type=lyrics&lang=1&prfid=2566&wrkid=46227,בסיבוב הבא,ערן ויץ,100.0,46.2,,
spotify:track:4r5E6wRRSOVUTrmrHKYlLm,עוד טיפה,"Eden Ben Zaken, Ofek Adanek",52608,124,2024-09-05,hebrew_title,review,1,https://shironet.mako.co.il/artist?type=lyrics&lang=1&prfid=939&wrkid=48183,עוד טיפה,שולי רנד,100.0,40.0,,
spotify:track:1SFtkFm8LFUozazhrBWHzx,לב אמיץ,Hanan Ben Ari,52397,174,2026-01-22,hebrew_title,lyrics_not_fetched,1,https://shironet.mako.co.il/artist?type=lyrics&lang=1&prfid=17593&wrkid=65480,לב אמיץ,חנן בן ארי,100.0,100.0,,
spotify:track:0jPtqyNeV0MlKYBJP1iyUz,ימי החנוכה,Makhelat Banot,52022,199,2025-12-18,hebrew_title,review,1,https://shironet.mako.co.il/artist?type=lyrics&lang=1&prfid=4760&wrkid=63014,ימי החנוכה,אדרת,100.0,40.0,,
spotify:track:7AfWkhoN7gijL1EalwoBf7,הרע זה לא אני,"ששון איפרם שאולוב, יאיר אלייצור",51709,182,2025-09-18,hebrew_title,lyrics_not_fetched,1,https://shironet.mako.co.il/artist?type=lyrics&lang=1&prfid=24321&wrkid=64482,הרע זה לא אני,ששון איפרם שאולוב,100.0,100.0,,
spotify:track:2GCR5b8UkMN2QtBMtfMvZQ,מצילה אותי,Avihu Pinhasov Rhythm Club,51610,194,2026-02-12,hebrew_title,lyrics_not_fetched,1,https://shironet.mako.co.il/artist?type=lyrics&lang=1&prfid=16376&wrkid=40366,מציל אותי,אביהו פנחסוב,94.7,100.0,,
spotify:track:69CPAaEBVZLFEebBIIhZ03,הדייגים,Eviatar Banai,51469,143,2023-12-28,hebrew_title,review,1,https://shironet.mako.co.il/artist?type=lyrics&lang=1&prfid=17069&wrkid=39020,הדייגים,בית ספר לנבואה,100.0,60.0,,
spotify:track:5YNiqqi7OmJhKcyz6g7QF7,חלל,Eviatar Banai,51326,148,2024-09-26,hebrew_title,review,1,https://shironet.mako.co.il/artist?type=lyrics&lang=1&prfid=2349&wrkid=23697,חלל,אמיר דדון,100.0,53.3,,
spotify:track:0kb42sln40xKrX5wgwU1ak,Cry,Mergui,51276,135,2024-02-22,israeli_artist,review,1,https://shironet.mako.co.il/artist?type=lyrics&lang=2&prfid=35283&wrkid=74697,Cry,Rihanna,100.0,50.0,,
spotify:track:58gjKhdAyYFvtuw0sGn95e,ארץ ישראל שלי,נירה רבינוביץ,51178,133,2025-05-01,hebrew_title,lyrics_not_fetched,1,https://shironet.mako.co.il/artist?type=lyrics&lang=1&prfid=2157&wrkid=6294,ארץ ישראל שלי,נירה רבינוביץ',100.0,100.0,,
spotify:track:4XoyhizXsQYQA2avkUMSwQ,בימים של עצב,Eyal Golan,50876,167,2024-04-18,hebrew_title,lyrics_not_fetched,1,https://shironet.mako.co.il/artist?type=lyrics&lang=1&prfid=92&wrkid=60298,בימים של עצב,אייל גולן,100.0,94.1,,
spotify:track:2TDC45f5lK7QIN5K5zhI2C,סימני דרך,Hanan Ben Ari,50285,142,2025-10-02,hebrew_title,review,1,https://shironet.mako.co.il/artist?type=lyrics&lang=1&prfid=2479&wrkid=5622,סימני דרך,האירוסים,100.0,54.5,,
spotify:track:78Wu7Y2s6agIhfgoNyAeGg,רסיסים,Raviv Kaner,50086,182,2025-08-28,hebrew_title,accepted,1,https://shironet.mako.co.il/artist?type=lyrics&lang=1&prfid=22717&wrkid=54774,רסיסים,רביב כנר,100.0,100.0,78Wu7Y2s6agIhfgoNyAeGg.txt,876.0
spotify:track:4Q50Iecki1XRdnZlOdLa1Q,אם את כבר הולכת - חי באולפן גלגלצ,נדב חנציס,50074,192,2025-08-14,hebrew_title,not_found,1,https://shironet.mako.co.il/artist?type=lyrics&lang=1&prfid=26233&wrkid=63806,אם את כבר הולכת,נדב חנציס,65.2,100.0,,
spotify:track:0vHfUyS3MmAvTbaApCbzo6,ממה את מפחדת,"Eyal Golan, Benaia Barabi",50025,172,2024-04-18,hebrew_title,not_found,1,https://shironet.mako.co.il/artist?type=lyrics&lang=1&prfid=17746&wrkid=50244,קחי את הפחדים,בניה ברבי,56.0,100.0,,
spotify:track:0GqJJ73OEzDfTj1U8186uZ,שיחות שלום,Eviatar Banai,49864,155,2024-09-26,hebrew_title,not_found,1,https://shironet.mako.co.il/artist?type=lyrics&lang=1&prfid=41&wrkid=12,אבות ובנים,אביתר בנאי,50.0,100.0,,
spotify:track:4IU2Ckcgd9W8ONOpAj8VDK,משנכנס אדר,Yorik Ben David,49838,160,2025-03-13,hebrew_title,review,1,https://shironet.mako.co.il/artist?type=lyrics&lang=1&prfid=510&wrkid=35091,כשנכנס אדר,יוריק בן דוד,90.0,100.0,,
spotify:track:3Vh5D8nz2Vc1BcpiHePfVk,אסטרולוגים רבנים,Odeya,49784,173,2024-12-12,hebrew_title,lyrics_not_fetched,1,https://shironet.mako.co.il/artist?type=lyrics&lang=1&prfid=22151&wrkid=61577,אסטרולוגים רבנים,אודיה אזולאי,100.0,100.0,,
spotify:track:4ZlzBwHFiuDNQ1OEpUwfDf,שיר ללא שם,Yehudit Ravitz,49747,169,2025-10-16,hebrew_title,lyrics_not_fetched,1,https://shironet.mako.co.il/artist?type=lyrics&lang=1&prfid=462&wrkid=3003,שיר ללא שם,יהודית רביץ,100.0,100.0,,
spotify:track:0A2vpSZUbHj0lHL4pcHydI,בית מפואר,Eyal Golan,49713,194,2025-08-14,hebrew_title,lyrics_not_fetched,1,https://shironet.mako.co.il/artist?type=lyrics&lang=1&prfid=92&wrkid=64341,בית מפואר,אייל גולן,100.0,94.1,,
spotify:track:1vTVrYErMEixGuPZFZGg6C,רוק 30,Tuna,49681,173,2025-06-05,hebrew_title,lyrics_not_fetched,1,https://shironet.mako.co.il/artist?type=lyrics&lang=1&prfid=16260&wrkid=40130,רוק 30,טונה,100.0,100.0,,
spotify:track:3DNUgZ8SOC7wE4wcs15Ad8,את ההוכחה שיש אלוהים,Hanan Ben Ari,49568,194,2026-01-22,hebrew_title,lyrics_not_fetched,1,https://shironet.mako.co.il/artist?type=lyrics&lang=1&prfid=17593&wrkid=65481,את ההוכחה שיש אלוהים,חנן בן ארי,100.0,100.0,,
spotify:track:2JAYY8Ts7FruUCEXxE07Nt,LIVING ROOM,"maryjo, Mergui",49494,186,2025-08-28,israeli_artist,review,1,https://shironet.mako.co.il/artist?type=lyrics&lang=2&prfid=8187&wrkid=17990,Living Room,David Gray,100.0,50.0,,
spotify:track:2ZVGw7FVIyZFHt03lUMQb7,חתולים שחורים (ישראל בידור),"Israel Bidur, Eyal Golan, Static",49418,145,2024-05-16,hebrew_title,not_found,1,https://shironet.mako.co.il/artist?type=lyrics&lang=1&prfid=20594&wrkid=60454,אייל גולן וסטטיק - חתולים שחורים,סטטיק,63.2,100.0,,
spotify:track:30HZfUucfwWAOVAVUCsfJj,בלדה לסוכן כפול,Mashina,49343,189,2025-10-09,hebrew_title,lyrics_not_fetched,1,https://shironet.mako.co.il/artist?type=lyrics&lang=1&prfid=686&wrkid=664,בלדה לסוכן כפול,משינה,100.0,100.0,,
spotify:track:6VCdW8lerxdUm9y09EquIc,עוד פעם,Jasmin Moallem,49308,177,2025-07-17,hebrew_title,lyrics_not_fetched,1,https://shironet.mako.co.il/artist?type=lyrics&lang=1&prfid=22199&wrkid=63943,עוד פעם,יסמין מועלם,100.0,100.0,,
spotify:track:2abTygqy1SZHLvYxbbAS41,סוכנת כפולה,ששון איפרם שאולוב,49264,195,2025-07-10,hebrew_title,lyrics_not_fetched,1,https://shironet.mako.co.il/artist?type=lyrics&lang=1&prfid=25152&wrkid=63884,סוכנת כפולה,ששון שאולוב,100.0,100.0,,
spotify:track:0pUrx3AMrKPM2IRJGnCe57,שיר לטל,Peer Tasi,49222,187,2024-06-06,hebrew_title,lyrics_not_fetched,1,https://shironet.mako.co.il/artist?type=lyrics&lang=1&prfid=7747&wrkid=60592,שיר לטל,פאר טסי,100.0,100.0,,
spotify:track:5DZ8C4ECBGxveR31MDq0BV,אופוריה,Itay Levi,49080,162,2025-03-20,hebrew_title,lyrics_not_fetched,1,https://shironet.mako.co.il/artist?type=lyrics&lang=1&prfid=15629&wrkid=63035,אופוריה,איתי לוי,100.0,100.0,,
spotify:track:13A9YrC5s1BegROEuZYF1D,קארמה,Jasmin Moallem,48999,181,2025-07-17,hebrew_title,lyrics_not_fetched,1,https://shironet.mako.co.il/artist?type=lyrics&lang=1&prfid=22199&wrkid=63944,קארמה,יסמין מועלם,100.0,100.0,,
spotify:track:7F1Gx6BQJdgn9y5OFJ4u8W,קווים לדמותו,Osher Cohen,48944,160,2023-12-28,hebrew_title,lyrics_not_fetched,1,https://shironet.mako.co.il/artist?type=lyrics&lang=1&prfid=16196&wrkid=59472,קווים לדמותו,אושר כהן,100.0,100.0,,
spotify:track:5J4nO4cqIUUCKeUgkU33yA,לא נגמר,הגר יפת,48749,181,2025-01-02,hebrew_title,review,1,https://shironet.mako.co.il/artist?type=lyrics&lang=1&prfid=602&wrkid=51020,לא נגמר,מאור כהן,100.0,33.3,,
spotify:track:0lv4qpjNTUf1nATDz1fhsu,לא אכפת לי,פרידה,48673,174,2025-05-15,hebrew_title,lyrics_not_fetched,1,https://shironet.mako.co.il/artist?type=lyrics&lang=1&prfid=26236&wrkid=63761,לא אכפת לי,פרידה עוזיאל,100.0,100.0,,
spotify:track:72yhMb8kkkzWxM4UEPywPC,GODMOTHER (feat. Eden Ben Zaken),"Noga Erez, Eden Ben Zaken",48581,175,2024-08-29,israeli_artist,not_found,1,https://shironet.mako.co.il/artist?type=lyrics&lang=1&prfid=16843&wrkid=64938,MACTUB,עדן בן זקן,26.7,100.0,,
spotify:track:3ftCJn1Ik29diWXwXzL1rR,לב,Idan Amedi,48461,166,2025-01-09,hebrew_title,lyrics_not_fetched,1,https://shironet.mako.co.il/artist?type=lyrics&lang=1&prfid=12746&wrkid=62310,לב,עידן עמדי,100.0,100.0,,
spotify:track:4Uc70MctKQoDhKtiMfhB8h,מחרוזת פורים,"Itzik Eshel, מקהלת ילדי ניסים",48422,167,2025-03-13,hebrew_title,not_found,1,https://shironet.mako.co.il/artist?type=lyrics&lang=1&prfid=412&wrkid=10374,ריח בושם,חמסה,40.0,57.1,,
spotify:track:01GbG6dxVvdvV5XuzRvgC5,GODMOTHER (feat. Eden Ben Zaken),"Noga Erez, Eden Ben Zaken",48296,165,2024-09-26,israeli_artist,not_found,1,https://shironet.mako.co.il/artist?type=lyrics&lang=1&prfid=16843&wrkid=64938,MACTUB,עדן בן זקן,26.7,100.0,,
spotify:track:2hmKpvdywJSBEqHjIilPrE,ללמוד לעוף,Akiva,48225,196,2024-06-06,hebrew_title,accepted,1,https://shironet.mako.co.il/artist?type=lyrics&lang=1&prfid=21053&wrkid=60748,ללמוד לעוף,עקיבא תורגמן,100.0,100.0,2hmKpvdywJSBEqHjIilPrE.txt,772.0
spotify:track:1gg3OHucFALk4GBqpAHDma,יהונתן,Eviatar Banai,48057,170,2024-09-26,hebrew_title,not_found,1,https://shironet.mako.co.il/artist?type=lyrics&lang=1&prfid=41&wrkid=45211,הושענא,אביתר בנאי,50.0,100.0,,
spotify:track:0uWhlKtR53jZg7E3gh3gj4,מביט אל השמיים,Eyal Golan,47945,185,2024-04-18,hebrew_title,lyrics_not_fetched,1,https://shironet.mako.co.il/artist?type=lyrics&lang=1&prfid=92&wrkid=60300,מביט אל השמיים,אייל גולן,100.0,94.1,,
spotify:track:2GTiBbjPnoJeH20wD0Frrh,⁠סוד,Eden Ben Zaken,47625,199,2025-09-11,hebrew_title,review,1,https://shironet.mako.co.il/artist?type=lyrics&lang=1&prfid=7100&wrkid=66589,סוד,הדס דגול שמרלינג,100.0,31.6,,
spotify:track:3jayVZGKD8ZSu0PxDoZqvT,2 דקות,Eyal Golan,47421,194,2024-04-18,hebrew_title,lyrics_not_fetched,1,https://shironet.mako.co.il/artist?type=lyrics&lang=1&prfid=92&wrkid=60296,2 דקות,אייל גולן,100.0,94.1,,
spotify:track:38F5Qet7NykRGvr3C7KDJR,להרים,Static,47373,195,2024-04-18,hebrew_title,lyrics_not_fetched,1,https://shironet.mako.co.il/artist?type=lyrics&lang=1&prfid=20594&wrkid=60240,להרים,סטטיק,100.0,100.0,,
spotify:track:5rAq5A04MbvQYDWKJsKsTy,חג פורים,Dorit Reuveni,47309,175,2025-03-13,hebrew_title,review,1,https://shironet.mako.co.il/artist?type=lyrics&lang=1&prfid=806&wrkid=3887,חג פורים,עממי,100.0,40.0,,
spotify:track:1KqiG69e5Rq5WVmJu9xVrq,Zahav,Static & Ben El,47113,199,2025-08-28,israeli_artist,not_found,1,https://shironet.mako.co.il/artist?type=lyrics&lang=1&prfid=13997&wrkid=60867,Gold Bracelet,ריף כהן,11.8,20.0,,
spotify:track:5ROswswUSxvwCkk8CiODGB,חנוכיה לי יש,Dudu Elharar,47063,180,2023-12-14,hebrew_title,review,1,https://shironet.mako.co.il/artist?type=lyrics&lang=1&prfid=4760&wrkid=63013,חנוכיה לי יש,אדרת,100.0,50.0,,
spotify:track:3FAOYZtUlvrvs3EgZ3Nyy1,שום דבר לא יפגע בי,Knesiyat Hasechel,46883,164,2024-05-16,hebrew_title,lyrics_not_fetched,1,https://shironet.mako.co.il/artist?type=lyrics&lang=1&prfid=565&wrkid=21278,שום דבר לא יפגע בי,כנסיית השכל,100.0,100.0,,
spotify:track:3pzQPfvzoC4I2Pp7jNZfwB,כל הזמן אומרת,Osher Cohen,46793,175,2024-03-21,hebrew_title,lyrics_not_fetched,1,https://shironet.mako.co.il/artist?type=lyrics&lang=1&prfid=16196&wrkid=50542,כל הזמן אומרת,אושר כהן,100.0,100.0,,
spotify:track:7AHyE0P9UKYVmrz0YVwCQP,אני פורים,Osnat Paz,46652,184,2025-03-13,hebrew_title,review,1,https://shironet.mako.co.il/artist?type=lyrics&lang=1&prfid=806&wrkid=4672,אני פורים,עממי,100.0,0.0,,
spotify:track:2qmJ2h1UdncRMPI2DMRWvK,פסקול חיי,Omer Adam,46609,172,2025-02-27,hebrew_title,not_found,1,https://shironet.mako.co.il/artist?type=lyrics&lang=1&prfid=10755&wrkid=6060,איני יכול,עומר אדם,55.6,100.0,,
spotify:track:3FYdP6pprYqBtGwzqEtCsx,מעונה לעונה,Eviatar Banai,46553,184,2024-09-26,hebrew_title,not_found,1,https://shironet.mako.co.il/artist?type=lyrics&lang=1&prfid=41&wrkid=35987,יפה כלבנה,אביתר בנאי,44.4,100.0,,
spotify:track:2a7KYIA9S953OTyIlahCoU,תחזור (Tachzor),"Idan Raichel, Roni Dalumi",46482,168,2024-05-16,hebrew_title,lyrics_not_fetched,1,https://shironet.mako.co.il/artist?type=lyrics&lang=1&prfid=10744&wrkid=59736,תחזור,רוני דלומי,100.0,100.0,,
spotify:track:5pNwlsGCaem5d4Zrscx2LZ,בוגנוויליה,Eviatar Banai,46460,188,2023-12-28,hebrew_title,not_found,1,https://shironet.mako.co.il/artist?type=lyrics&lang=1&prfid=41&wrkid=13619,הזאב והאיילה,אביתר בנאי,47.6,100.0,,
spotify:track:2tQCrZ4fe3eDviBKb6wFhj,ברגעים שאת הולכת,Osher Cohen,46391,180,2024-03-21,hebrew_title,not_found,1,https://shironet.mako.co.il/artist?type=lyrics&lang=1&prfid=16196&wrkid=67132,יום הולדת,אושר כהן,54.5,100.0,,
spotify:track:4igpslTqYWspfws3blGsRM,אם רק תדברי,Guy Mazig,46317,139,2024-10-10,hebrew_title,lyrics_not_fetched,1,https://shironet.mako.co.il/artist?type=lyrics&lang=1&prfid=2142&wrkid=42042,אם רק תדברי,גיא מזיג,100.0,100.0,,
spotify:track:3Pmgm0QepSOImJfW29Hxy2,משהו בשמיים,Jasmin Moallem,46225,198,2025-07-17,hebrew_title,lyrics_not_fetched,1,https://shironet.mako.co.il/artist?type=lyrics&lang=1&prfid=22199&wrkid=63682,משהו בשמיים,יסמין מועלם,100.0,100.0,,
spotify:track:37UoK4f7ghXOirEorXNsqb,אוויר לנשימה,Eden Hason,45962,184,2025-02-20,hebrew_title,review,1,https://shironet.mako.co.il/artist?type=lyrics&lang=1&prfid=14273&wrkid=58398,אוויר לנשימה,נסרין קדרי,100.0,44.4,,
spotify:track:1GZOUGboRlIZy0Nj3HN91J,אבנים מתגלגלות,Eyal Golan,45764,188,2025-04-17,hebrew_title,lyrics_not_fetched,1,https://shironet.mako.co.il/artist?type=lyrics&lang=1&prfid=92&wrkid=63585,אבנים מתגלגלות,אייל גולן,100.0,94.1,,
spotify:track:5TwAuMaXxJ5dBSN76rRc4x,ניצחת איתי הכל,Amir Benayoun,45624,198,2025-09-25,hebrew_title,lyrics_not_fetched,1,https://shironet.mako.co.il/artist?type=lyrics&lang=1&prfid=802&wrkid=10000,ניצחת איתי הכל,עמיר בניון,100.0,100.0,,
spotify:track:08zWr8F1jIrBBDEaBB2EuU,עדלאידע,"שוקי סלומון, Arik Dvir",45577,187,2024-03-28,hebrew_title,review,1,https://shironet.mako.co.il/artist?type=lyrics&lang=1&prfid=9777&wrkid=66460,עדלאידע,יערה טופ,100.0,40.0,,
spotify:track:2UDUTgNjyL0BOnq2kcDbSe,לא חוקי,בנאל בן ציון,45498,194,2024-01-11,hebrew_title,lyrics_not_fetched,1,https://shironet.mako.co.il/artist?type=lyrics&lang=1&prfid=14616&wrkid=58830,לא חוקי,בנאל בן ציון,100.0,100.0,,
spotify:track:7pB0NZuggjYNGXipzdTMff,רכבת לצפון,Assaf Amdursky,45261,199,2025-01-16,hebrew_title,lyrics_not_fetched,1,https://shironet.mako.co.il/artist?type=lyrics&lang=1&prfid=150&wrkid=21339,רכבת לצפון,אסף אמדורסקי,100.0,100.0,,
spotify:track:0HPUcWtR8EHjd120wu2F9m,עומס לב,"Tuna, Dudu Tassa",45151,200,2024-04-11,hebrew_title,lyrics_not_fetched,1,https://shironet.mako.co.il/artist?type=lyrics&lang=1&prfid=16260&wrkid=52364,עומס לב,טונה,100.0,100.0,,
spotify:track:6bmFicZxvhWn3wYScYhKfy,יונתן סע הביתה,Oshik Levy,45080,192,2025-02-20,hebrew_title,lyrics_not_fetched,1,https://shironet.mako.co.il/artist?type=lyrics&lang=1&prfid=85&wrkid=1542,יונתן סע הביתה,אושיק לוי,100.0,100.0,,
spotify:track:4tJqps9lE4yMNuy0nufRE3,הכל טוב אחי,Eviatar Banai,44680,200,2024-09-26,hebrew_title,not_found,1,https://shironet.mako.co.il/artist?type=lyrics&lang=1&prfid=41&wrkid=35987,יפה כלבנה,אביתר בנאי,50.0,100.0,,
spotify:track:1rvRyuQmz4d8R7B9wpBtq8,"פאפי - מיוחד למצעד הישראלי השנתי תשפ""ה של גלגלצ ו-ynet","Odeya, Tuna",44671,172,2025-10-02,hebrew_title,not_found,1,https://shironet.mako.co.il/artist?type=lyrics&lang=1&prfid=22151&wrkid=61957,את לא יודעת כמה שאני אוהב אותך,אודיה אזולאי,36.4,100.0,,
spotify:track:4z0HqKOXJGaFGha9JPjD06,עכשיו קרוב,Idan Raichel,43798,200,2025-05-01,hebrew_title,lyrics_not_fetched,1,https://shironet.mako.co.il/artist?type=lyrics&lang=1&prfid=1333&wrkid=34782,עכשיו קרוב,הפרויקט של עידן רייכל,100.0,100.0,,
spotify:track:60UdbrOrl7X8sR3xQu9kzN,דם של גיבורים,Odeya,43040,166,2023-11-23,hebrew_title,lyrics_not_fetched,1,https://shironet.mako.co.il/artist?type=lyrics&lang=1&prfid=22151&wrkid=59286,דם של גיבורים,אודיה אזולאי,100.0,100.0,,
spotify:track:5paLSZ9sF5jc3aSOSjQf3b,אהלן וסהלן,Lehakat Sfataim,42868,189,2025-04-24,hebrew_title,review,1,https://shironet.mako.co.il/artist?type=lyrics&lang=1&prfid=10687&wrkid=25438,אהלן וסהלן,התיירים,100.0,72.7,,
spotify:track:2dpe4tyuC0d9ofnOlCMFpC,המצב של היום,Ofek Adanek,42749,180,2024-08-15,hebrew_title,lyrics_not_fetched,1,https://shironet.mako.co.il/artist?type=lyrics&lang=1&prfid=21469&wrkid=48573,המצב של היום,אופק אדנק,100.0,88.9,,
spotify:track:5EZfOTLFoj64rmQ8n43NGe,צעקתי אליך,Eyal Golan,42575,192,2025-10-02,hebrew_title,lyrics_not_fetched,1,https://shironet.mako.co.il/artist?type=lyrics&lang=1&prfid=92&wrkid=64415,צעקתי אליך,אייל גולן,100.0,94.1,,
spotify:track:0tqldrIhaskYRImTDWzf46,שעתיים,Ofek Adanek,42158,187,2024-08-15,hebrew_title,lyrics_not_fetched,1,https://shironet.mako.co.il/artist?type=lyrics&lang=1&prfid=21469&wrkid=58077,שעתיים,אופק אדנק,100.0,88.9,,
spotify:track:2XOdRT5fQIFhctTJieM8a3,תחזור (Tachzor),"Idan Raichel, Roni Dalumi",41847,154,2023-11-09,hebrew_title,lyrics_not_fetched,1,https://shironet.mako.co.il/artist?type=lyrics&lang=1&prfid=10744&wrkid=59736,תחזור,רוני דלומי,100.0,100.0,,
spotify:track:7vXv8385iNKK2cdja1sHrU,תשמור עלי,"יאיר אלייצור, E-Z, Bar Tzabary",40507,174,2025-06-26,hebrew_title,review,1,https://shironet.mako.co.il/artist?type=lyrics&lang=1&prfid=23803&wrkid=63129,תשמור עלי,מאיה דדון,100.0,57.1,,
spotify:track:2wsDi2x4zDbBWSOLqWcjuj,אהבה גדולה,"Maor Edri, נאור אדרי",33596,171,2025-06-19,hebrew_title,review,1,https://shironet.mako.co.il/artist?type=lyrics&lang=1&prfid=25164&wrkid=59235,אהבה גדולה,ארז דן,100.0,66.7,,
spotify:track:0pUafc8ib94x2pFHPt57dI,להתראות אהובי שלי,"אלקנה מרציאנו, Dudu Faruk",33318,174,2025-06-19,hebrew_title,lyrics_not_fetched,1,https://shironet.mako.co.il/artist?type=lyrics&lang=1&prfid=17178&wrkid=63911,להתראות אהוב שלי,אלקנה מרציאנו,97.0,100.0,,
spotify:track:5vcjj1PnF81hHkf6tkHZWh,לראות את האור,Efrat Gosh,33315,199,2023-10-26,hebrew_title,lyrics_not_fetched,1,https://shironet.mako.co.il/artist?type=lyrics&lang=1&prfid=3078&wrkid=18976,לראות את האור,אפרת גוש,100.0,100.0,,
spotify:track:7xluxbbxxQ8ovB6xrJUlim,הכי קרוב אלייך,"Elai Botner, Avraham Aviv Alush",31970,188,2025-06-19,hebrew_title,lyrics_not_fetched,1,https://shironet.mako.co.il/artist?type=lyrics&lang=1&prfid=4727&wrkid=49865,הכי קרוב אלייך,עילי בוטנר,100.0,100.0,,
spotify:track:3hpaRxH73ciJCuH6QcNWXO,מטפסים על הקירות,Eden Hason,29863,166,2023-10-19,hebrew_title,lyrics_not_fetched,1,https://shironet.mako.co.il/artist?type=lyrics&lang=1&prfid=13834&wrkid=57673,מטפסים על הקירות,עדן חסון,100.0,100.0,,
spotify:track:3PqHflY0wAwmSAt0pIZRT7,אבא,Eviatar Banai,28319,188,2023-10-19,hebrew_title,lyrics_not_fetched,1,https://shironet.mako.co.il/artist?type=lyrics&lang=1&prfid=41&wrkid=22236,אבא,אביתר בנאי,100.0,100.0,,
spotify:track:6s7LQ3bgiQRORpqbxK2N5X,אחשילי,"Yishay Swissa, Michael Swissa, Shahar Hason",24511,186,2023-10-12,hebrew_title,not_found,1,https://shironet.mako.co.il/artist?type=lyrics&lang=1&prfid=24959&wrkid=66325,כלום בפית,רותם אלגם אסולין,28.6,53.3,,
spotify:track:5A3bEckI7AjWTguGqZOzUm,פנתרה,Noa Kirel,24325,188,2023-10-12,hebrew_title,lyrics_not_fetched,1,https://shironet.mako.co.il/artist?type=lyrics&lang=1&prfid=18493&wrkid=55919,פנתרה,נועה קירל,100.0,100.0,,
spotify:track:4py8ddBPFRTYqL3vbh2FXq,טרנטולה,"Static, Agam Buhbut",23960,194,2023-10-12,hebrew_title,lyrics_not_fetched,1,https://shironet.mako.co.il/artist?type=lyrics&lang=1&prfid=20594&wrkid=57162,טרנטולה,סטטיק,100.0,100.0,,
spotify:track:4ZczcAx568Lt9m51yuMsTy,איך שאת אוהבת,Osher Cohen,23952,195,2023-10-12,hebrew_title,lyrics_not_fetched,1,https://shironet.mako.co.il/artist?type=lyrics&lang=1&prfid=16196&wrkid=58004,איך שאת אוהבת,אושר כהן,100.0,100.0,,
